,genotype,BLUE,sep_BLUE,w,Location,Year,H.cullis,trait,Entry,Nominator,BP,HT,Grain_type,Gen_type
1,AddiJo,6277.41034511537,284.661570171821,126051.681223933,Winnsboro,2022,0.941433619615415,Yield.LSU_01.0000138,1,LSU,LSU,CONV,Long,Line
2,AddiJo,10676.3232501259,389.942222542746,138248.024815348,Rice Research Station South,2022,0.80730134913134,Yield.LSU_01.0000138,1,LSU,LSU,CONV,Long,Line
3,AddiJo,7741.34310915476,405.145701582525,102565.300254073,Pine Tree Research Station,2022,0.945153369198133,Yield.LSU_01.0000138,1,LSU,LSU,CONV,Long,Line
4,AddiJo,8811.60881282052,272.496875168527,106967.434726575,Rice Research Station,2022,0.938590376125822,Yield.LSU_01.0000138,1,LSU,LSU,CONV,Long,Line
5,AddiJo,8267.83508880338,436.591215116716,146503.985382772,Mowata,2022,0.715104020014099,Yield.LSU_01.0000138,1,LSU,LSU,CONV,Long,Line
6,AddiJo,6871.7521367934,221.125160835162,61510.7973864793,UA Northeast Rice Res & Ext Ctr,2022,0.943728548983391,Yield.LSU_01.0000138,1,LSU,LSU,CONV,Long,Line
7,AddiJo,6961.86813901205,322.25965222118,169677.328930728,Lake Arthur,2022,0.951796004215466,Yield.LSU_01.0000138,1,LSU,LSU,CONV,Long,Line
8,AddiJo,6144.2544194765,416.437124438984,188741.237433555,St. Joseph,2022,0.937421136112444,Yield.LSU_01.0000138,1,LSU,LSU,CONV,Long,Line
9,AddiJo,6136.61717615193,256.814287458186,113194.522638857,Lawrence County,2022,0.949964588523811,Yield.LSU_01.0000138,1,LSU,LSU,CONV,Long,Line
10,AddiJo,7850.99272784813,208.561501049856,84535.7480319572,Palmetto,2022,0.958092893267402,Yield.LSU_01.0000138,1,LSU,LSU,CONV,Long,Line
11,AddiJo,6609.63694492393,492.035675160476,223440.506368381,Desha County,2022,0.822821514472978,Yield.LSU_01.0000138,1,LSU,LSU,CONV,Long,Line
12,AddiJo,9614.0646151065,333.446905243774,161239.84077769,Bay City,2022,0.936513530130424,Yield.LSU_01.0000138,1,LSU,LSU,CONV,Long,Line
13,AddiJo,10201.7393089608,335.423803095871,116648.232443036,Rice Research Station - Late,2022,0.884763580620937,Yield.LSU_01.0000138,1,LSU,LSU,CONV,Long,Line
14,AddiJo,9579.72028399516,263.408955341847,92121.7516676349,Nutrien Rice Breeding Station,2022,0.908410421581201,Yield.LSU_01.0000138,1,LSU,LSU,CONV,Long,Line
15,AddiJo,5148.57355702918,526.734591456084,237558.234655483,UA Northeast Res and Ext Center,2022,0.850884013781188,Yield.LSU_01.0000138,1,LSU,LSU,CONV,Long,Line
16,AddiJo,8915.96553204429,227.03680665821,59573.6385171802,Wintermann Rice Research Station,2022,0.925426915062098,Yield.LSU_01.0000138,1,LSU,LSU,CONV,Long,Line
17,AddiJo,7606.1887413924,432.761353380093,128686.935127251,UA Rice Res and Ext Center,2022,0.923103163265123,Yield.LSU_01.0000138,1,LSU,LSU,CONV,Long,Line
18,AddiJo,9425.47347956298,253.196597100648,137811.842231444,Mamou,2022,0.966522782612498,Yield.LSU_01.0000138,1,LSU,LSU,CONV,Long,Line
19,CLL16,9226.78636097911,387.419311357925,96474.0745012974,Pine Tree Research Station,2022,0.945153369198133,Yield.LSU_01.0000138,21,Check,AR,CL,Long,Line
20,CLL16,10315.1296210957,172.388680448243,129889.053116419,UA Northeast Rice Res & Ext Ctr,2021,0.973594386669851,Yield.LSU_01.0000138,21,Check,AR,CL,Long,Line
21,CLL16,6881.32582261123,392.456679844408,209951.831864404,Lake Arthur,2022,0.951796004215466,Yield.LSU_01.0000138,21,Check,AR,CL,Long,Line
22,CLL16,9236.90261490608,212.840765173767,106614.390712359,Wintermann Rice Research Station,2021,0.914465139482436,Yield.LSU_01.0000138,21,Check,AR,CL,Long,Line
23,CLL16,7720.7577221321,251.305338672961,110357.704262853,Lawrence County,2022,0.949964588523811,Yield.LSU_01.0000138,21,Check,AR,CL,Long,Line
24,CLL16,10272.7199514997,422.859634911636,152367.832002338,Rice Research Station,2021,0.844974135891633,Yield.LSU_01.0000138,21,Check,AR,CL,Long,Line
25,CLL16,9687.08755927579,283.90610139167,176615.751801633,Bay City,2021,0.946929917929501,Yield.LSU_01.0000138,21,Check,AR,CL,Long,Line
26,CLL16,7105.88020831106,361.541535774572,186428.484752829,Palmetto,2021,0.84519462219751,Yield.LSU_01.0000138,21,Check,AR,CL,Long,Line
27,CLL16,10229.5645349694,279.301515159753,90664.1821590517,Rice Research Station - Late,2022,0.884763580620937,Yield.LSU_01.0000138,21,Check,AR,CL,Long,Line
28,CLL16,8251.91737243804,289.614970619773,133275.163265131,Winnsboro,2022,0.941433619615415,Yield.LSU_01.0000138,21,Check,AR,CL,Long,Line
29,CLL16,6841.77987163609,471.922815830471,215771.189603065,Desha County,2022,0.822821514472978,Yield.LSU_01.0000138,21,Check,AR,CL,Long,Line
30,CLL16,10592.1933922044,322.019688797275,151662.540132247,Bay City,2022,0.936513530130424,Yield.LSU_01.0000138,21,Check,AR,CL,Long,Line
31,CLL16,9774.91106339601,498.599130345215,283520.245476414,UA Rice Res and Ext Center,2021,0.964106224761339,Yield.LSU_01.0000138,21,Check,AR,CL,Long,Line
32,CLL16,9053.18894949282,453.96687719014,126854.629991404,UA Rice Res and Ext Center,2022,0.923103163265123,Yield.LSU_01.0000138,21,Check,AR,CL,Long,Line
33,CLL16,9912.86274542801,433.300529894888,147447.770419204,Mowata,2022,0.715104020014099,Yield.LSU_01.0000138,21,Check,AR,CL,Long,Line
34,CLL16,10034.3322135188,152.312624871906,274799.799793065,Mamou,2021,0.977400011032591,Yield.LSU_01.0000138,21,Check,AR,CL,Long,Line
35,CLL16,8321.08431818126,218.607660524118,60551.651480103,UA Northeast Rice Res & Ext Ctr,2022,0.943728548983391,Yield.LSU_01.0000138,21,Check,AR,CL,Long,Line
36,CLL16,8035.52941440336,393.307087870057,166547.961933503,St. Joseph,2022,0.937421136112444,Yield.LSU_01.0000138,21,Check,AR,CL,Long,Line
37,CLL16,8836.38542016778,284.867666192972,102405.082128378,Desha County,2021,0.813828740059357,Yield.LSU_01.0000138,21,Check,AR,CL,Long,Line
38,CLL16,10364.4307867086,196.230437994837,106644.606274577,Lawrence County,2021,0.954202924715745,Yield.LSU_01.0000138,21,Check,AR,CL,Long,Line
39,CLL16,9981.01232778436,627.534216402791,140713.463309292,Pine Tree Research Station,2021,0.499611940877758,Yield.LSU_01.0000138,21,Check,AR,CL,Long,Line
40,CLL16,10977.1410438735,266.682541660209,148616.247038855,Mamou,2022,0.966522782612498,Yield.LSU_01.0000138,21,Check,AR,CL,Long,Line
41,CLL16,11310.3550446321,266.393614244399,88301.1040530504,Nutrien Rice Breeding Station,2022,0.908410421581201,Yield.LSU_01.0000138,21,Check,AR,CL,Long,Line
42,CLL16,8951.15045834329,304.189473811654,178445.882618604,Iowa,2021,0.922042593895625,Yield.LSU_01.0000138,21,Check,AR,CL,Long,Line
43,CLL16,9672.53198678837,264.280472500819,226957.961855417,UA Northeast Res and Ext Center,2021,0.963828719016503,Yield.LSU_01.0000138,21,Check,AR,CL,Long,Line
44,CLL16,9264.10290170624,446.789533796004,291282.8025551,Rice Research Station South,2021,0.843857778152297,Yield.LSU_01.0000138,21,Check,AR,CL,Long,Line
45,CLL16,9798.68565438253,291.191694491027,114535.318189121,Rice Research Station,2022,0.938590376125822,Yield.LSU_01.0000138,21,Check,AR,CL,Long,Line
46,CLL16,8715.60788996073,542.23886152069,232222.142167772,UA Northeast Res and Ext Center,2022,0.850884013781188,Yield.LSU_01.0000138,21,Check,AR,CL,Long,Line
47,CLL16,10860.08317066,306.206317833526,109367.754926271,Lake Arthur,2021,0.773256872388895,Yield.LSU_01.0000138,21,Check,AR,CL,Long,Line
48,CLL16,9881.96312841644,234.489035798387,65367.8884020888,Wintermann Rice Research Station,2022,0.925426915062098,Yield.LSU_01.0000138,21,Check,AR,CL,Long,Line
49,CLL16,8527.10248592394,181.35194616121,184136.133149321,Mowata,2021,0.961140858387354,Yield.LSU_01.0000138,21,Check,AR,CL,Long,Line
50,CLL16,11875.3981757329,398.141516513498,144792.865588808,Rice Research Station South,2022,0.80730134913134,Yield.LSU_01.0000138,21,Check,AR,CL,Long,Line
51,CLL16,10425.2561423333,326.93506918647,128657.526217274,St. Joseph,2021,0.918605383320413,Yield.LSU_01.0000138,21,Check,AR,CL,Long,Line
52,CLL16,9121.75250354215,213.133228889546,85897.7214865572,Palmetto,2022,0.958092893267402,Yield.LSU_01.0000138,21,Check,AR,CL,Long,Line
53,CLL16,8520.26087586318,227.741917047456,52747.9318992901,Winnsboro,2021,0.761875531009231,Yield.LSU_01.0000138,21,Check,AR,CL,Long,Line
54,CLL18,9357.91177593229,270.271344854101,88955.110756564,Nutrien Rice Breeding Station,2022,0.908410421581201,Yield.LSU_01.0000138,16,Horizon,AR,CL,Long,Line
55,CLL18,9405.09685378623,454.447360176209,127898.479384736,UA Rice Res and Ext Center,2022,0.923103163265123,Yield.LSU_01.0000138,16,Horizon,AR,CL,Long,Line
56,CLL18,8459.63474221905,249.414653574585,109645.070343349,Lawrence County,2022,0.949964588523811,Yield.LSU_01.0000138,16,Horizon,AR,CL,Long,Line
57,CLL18,10415.9706355226,499.766479685013,283207.656149873,UA Rice Res and Ext Center,2021,0.964106224761339,Yield.LSU_01.0000138,16,Horizon,AR,CL,Long,Line
58,CLL18,7014.48536997995,322.399423826181,168371.02636952,Lake Arthur,2022,0.951796004215466,Yield.LSU_01.0000138,16,Horizon,AR,CL,Long,Line
59,CLL18,9303.91419365645,378.195076879517,96282.7553063187,Pine Tree Research Station,2022,0.945153369198133,Yield.LSU_01.0000138,16,Horizon,AR,CL,Long,Line
60,CLL18,9169.82813877521,233.813773549102,119267.875783124,Wintermann Rice Research Station,2021,0.914465139482436,Yield.LSU_01.0000138,16,Horizon,AR,CL,Long,Line
61,CLL18,7355.91732248321,364.02735810858,188499.354681758,Palmetto,2021,0.84519462219751,Yield.LSU_01.0000138,16,Horizon,AR,CL,Long,Line
62,CLL18,10584.8403013763,290.012217850077,126681.311358254,St. Joseph,2021,0.918605383320413,Yield.LSU_01.0000138,16,Horizon,AR,CL,Long,Line
63,CLL18,10133.4261875123,228.239119793898,64193.2123015772,Wintermann Rice Research Station,2022,0.925426915062098,Yield.LSU_01.0000138,16,Horizon,AR,CL,Long,Line
64,CLL18,10840.9255885796,196.055575479428,141714.762850654,UA Northeast Rice Res & Ext Ctr,2021,0.973594386669851,Yield.LSU_01.0000138,16,Horizon,AR,CL,Long,Line
65,CLL18,10967.4178205602,189.346745887471,289377.252825158,Mamou,2021,0.977400011032591,Yield.LSU_01.0000138,16,Horizon,AR,CL,Long,Line
66,CLL18,8229.04495858193,218.135346825048,60346.9240092989,UA Northeast Rice Res & Ext Ctr,2022,0.943728548983391,Yield.LSU_01.0000138,16,Horizon,AR,CL,Long,Line
67,CLL18,11657.8198508462,293.981385959933,134196.856427247,Bay City,2022,0.936513530130424,Yield.LSU_01.0000138,16,Horizon,AR,CL,Long,Line
68,CLL18,10831.5951352834,274.35527927283,108636.474010026,Rice Research Station,2022,0.938590376125822,Yield.LSU_01.0000138,16,Horizon,AR,CL,Long,Line
69,CLL18,12307.1446186408,260.441095148938,144796.611195122,Mamou,2022,0.966522782612498,Yield.LSU_01.0000138,16,Horizon,AR,CL,Long,Line
70,CLL18,9955.87665870064,563.641952378346,139358.409769827,Pine Tree Research Station,2021,0.499611940877758,Yield.LSU_01.0000138,16,Horizon,AR,CL,Long,Line
71,CLL18,9445.83292882537,429.225259126318,145674.313653141,Mowata,2022,0.715104020014099,Yield.LSU_01.0000138,16,Horizon,AR,CL,Long,Line
72,CLL18,10904.9419390023,301.295010500938,112328.270631819,Lake Arthur,2021,0.773256872388895,Yield.LSU_01.0000138,16,Horizon,AR,CL,Long,Line
73,CLL18,8879.73937252005,433.097654339528,275433.803160373,Rice Research Station South,2021,0.843857778152297,Yield.LSU_01.0000138,16,Horizon,AR,CL,Long,Line
74,CLL18,9068.24442061473,426.286692731938,156257.68970476,Rice Research Station,2021,0.844974135891633,Yield.LSU_01.0000138,16,Horizon,AR,CL,Long,Line
75,CLL18,10524.1498318678,313.372959016879,190796.702289913,Bay City,2021,0.946929917929501,Yield.LSU_01.0000138,16,Horizon,AR,CL,Long,Line
76,CLL18,8285.54745757771,296.354788250596,132045.660733359,Winnsboro,2022,0.941433619615415,Yield.LSU_01.0000138,16,Horizon,AR,CL,Long,Line
77,CLL18,9015.46841690794,273.762062537907,99445.747468736,Desha County,2021,0.813828740059357,Yield.LSU_01.0000138,16,Horizon,AR,CL,Long,Line
78,CLL18,10523.7751103537,178.161341514587,98958.4595555301,Lawrence County,2021,0.954202924715745,Yield.LSU_01.0000138,16,Horizon,AR,CL,Long,Line
79,CLL18,10816.0757333296,262.702082649526,229146.017785128,UA Northeast Res and Ext Center,2021,0.963828719016503,Yield.LSU_01.0000138,16,Horizon,AR,CL,Long,Line
80,CLL18,8902.44986715389,225.853571630976,53559.4031355721,Winnsboro,2021,0.761875531009231,Yield.LSU_01.0000138,16,Horizon,AR,CL,Long,Line
81,CLL18,9521.60114551571,277.504599708684,93196.1679173239,Rice Research Station - Late,2022,0.884763580620937,Yield.LSU_01.0000138,16,Horizon,AR,CL,Long,Line
82,CLL18,7035.4517223485,475.973001138189,215562.215168249,Desha County,2022,0.822821514472978,Yield.LSU_01.0000138,16,Horizon,AR,CL,Long,Line
83,CLL18,8976.41606951903,536.938418137031,230572.016766132,UA Northeast Res and Ext Center,2022,0.850884013781188,Yield.LSU_01.0000138,16,Horizon,AR,CL,Long,Line
84,CLL18,10910.4593447635,397.105000825568,143481.888732591,Rice Research Station South,2022,0.80730134913134,Yield.LSU_01.0000138,16,Horizon,AR,CL,Long,Line
85,CLL18,9709.22942063564,218.642596368954,88206.3286753011,Palmetto,2022,0.958092893267402,Yield.LSU_01.0000138,16,Horizon,AR,CL,Long,Line
86,CLL18,9153.16722877101,394.036495486939,166269.35415282,St. Joseph,2022,0.937421136112444,Yield.LSU_01.0000138,16,Horizon,AR,CL,Long,Line
87,CLL18,10414.6291439286,313.525298710377,183693.110947454,Iowa,2021,0.922042593895625,Yield.LSU_01.0000138,16,Horizon,AR,CL,Long,Line
88,CLL18,10182.8656168507,181.178851324946,179542.872444121,Mowata,2021,0.961140858387354,Yield.LSU_01.0000138,16,Horizon,AR,CL,Long,Line
89,DG263L,8989.84698703724,315.979591025975,165903.871434165,Lake Arthur,2022,0.951796004215466,Yield.LSU_01.0000138,25,Check,Nutrien,CONV,Long,Line
90,DG263L,8325.97553050509,220.31768930786,51236.2929582942,Winnsboro,2021,0.761875531009231,Yield.LSU_01.0000138,25,Check,Nutrien,CONV,Long,Line
91,DG263L,7996.40891002741,233.612543296306,64239.3214055939,Wintermann Rice Research Station,2022,0.925426915062098,Yield.LSU_01.0000138,25,Check,Nutrien,CONV,Long,Line
92,DG263L,10162.7980024255,188.6108989098,136352.44431446,UA Northeast Rice Res & Ext Ctr,2021,0.973594386669851,Yield.LSU_01.0000138,25,Check,Nutrien,CONV,Long,Line
93,DG263L,8053.47513057975,374.258924653869,197428.431503171,Palmetto,2021,0.84519462219751,Yield.LSU_01.0000138,25,Check,Nutrien,CONV,Long,Line
94,DG263L,10568.0267858151,316.98733508263,114179.134823592,Lake Arthur,2021,0.773256872388895,Yield.LSU_01.0000138,25,Check,Nutrien,CONV,Long,Line
95,DG263L,8649.40971594708,208.758121473974,84890.9969419345,Palmetto,2022,0.958092893267402,Yield.LSU_01.0000138,25,Check,Nutrien,CONV,Long,Line
96,DG263L,10030.2926191276,146.901825325894,275845.220361553,Mamou,2021,0.977400011032591,Yield.LSU_01.0000138,25,Check,Nutrien,CONV,Long,Line
97,DG263L,9557.4519571908,584.325557022884,140649.344516199,Pine Tree Research Station,2021,0.499611940877758,Yield.LSU_01.0000138,25,Check,Nutrien,CONV,Long,Line
98,DG263L,10559.9128198194,268.578118559328,229129.039299578,UA Northeast Res and Ext Center,2021,0.963828719016503,Yield.LSU_01.0000138,25,Check,Nutrien,CONV,Long,Line
99,DG263L,10106.8389583666,316.710154334867,129144.329954377,St. Joseph,2021,0.918605383320413,Yield.LSU_01.0000138,25,Check,Nutrien,CONV,Long,Line
100,DG263L,10228.700945935,492.66447411894,283450.063533877,UA Rice Res and Ext Center,2021,0.964106224761339,Yield.LSU_01.0000138,25,Check,Nutrien,CONV,Long,Line
101,DG263L,8774.9431567672,245.585093245177,70616.2083870183,UA Northeast Rice Res & Ext Ctr,2022,0.943728548983391,Yield.LSU_01.0000138,25,Check,Nutrien,CONV,Long,Line
102,DG263L,8492.85793965442,423.540452227855,154385.607767765,Rice Research Station,2021,0.844974135891633,Yield.LSU_01.0000138,25,Check,Nutrien,CONV,Long,Line
103,DG263L,10163.9155203214,386.792184949756,97731.2261800484,Pine Tree Research Station,2022,0.945153369198133,Yield.LSU_01.0000138,25,Check,Nutrien,CONV,Long,Line
104,DG263L,11385.1174830916,306.920186607463,137872.870129081,Bay City,2022,0.936513530130424,Yield.LSU_01.0000138,25,Check,Nutrien,CONV,Long,Line
105,DG263L,8913.08819778782,457.214743495077,126400.533617892,UA Rice Res and Ext Center,2022,0.923103163265123,Yield.LSU_01.0000138,25,Check,Nutrien,CONV,Long,Line
106,DG263L,9988.91384975693,266.462948327074,175093.807818714,Bay City,2021,0.946929917929501,Yield.LSU_01.0000138,25,Check,Nutrien,CONV,Long,Line
107,DG263L,10514.3900735443,184.507341600707,102246.296296934,Lawrence County,2021,0.954202924715745,Yield.LSU_01.0000138,25,Check,Nutrien,CONV,Long,Line
108,DG263L,8756.15415787735,578.234110744939,254428.827237006,UA Northeast Res and Ext Center,2022,0.850884013781188,Yield.LSU_01.0000138,25,Check,Nutrien,CONV,Long,Line
109,DG263L,9184.95571931671,277.858004839342,107791.61590811,Rice Research Station,2022,0.938590376125822,Yield.LSU_01.0000138,25,Check,Nutrien,CONV,Long,Line
110,DG263L,7921.74196573952,409.804060164276,174223.613000048,Desha County,2022,0.822821514472978,Yield.LSU_01.0000138,25,Check,Nutrien,CONV,Long,Line
111,DG263L,10171.7016188008,401.891805546552,147576.778397131,Rice Research Station South,2022,0.80730134913134,Yield.LSU_01.0000138,25,Check,Nutrien,CONV,Long,Line
112,DG263L,10424.5102459348,247.556486120098,134079.288948223,Mamou,2022,0.966522782612498,Yield.LSU_01.0000138,25,Check,Nutrien,CONV,Long,Line
113,DG263L,8392.46954112048,284.181074343652,129780.416825863,Winnsboro,2022,0.941433619615415,Yield.LSU_01.0000138,25,Check,Nutrien,CONV,Long,Line
114,DG263L,8450.57489187986,255.801175536106,112721.68006044,Lawrence County,2022,0.949964588523811,Yield.LSU_01.0000138,25,Check,Nutrien,CONV,Long,Line
115,DG263L,8694.89864216975,530.474513020028,187996.974692045,Mowata,2022,0.715104020014099,Yield.LSU_01.0000138,25,Check,Nutrien,CONV,Long,Line
116,DG263L,8975.01744603319,430.656953309476,279663.878522035,Rice Research Station South,2021,0.843857778152297,Yield.LSU_01.0000138,25,Check,Nutrien,CONV,Long,Line
117,DG263L,11452.4680538092,267.95706164436,88166.5119550836,Nutrien Rice Breeding Station,2022,0.908410421581201,Yield.LSU_01.0000138,25,Check,Nutrien,CONV,Long,Line
118,DG263L,8880.16336942309,277.933238205153,91308.6545035332,Rice Research Station - Late,2022,0.884763580620937,Yield.LSU_01.0000138,25,Check,Nutrien,CONV,Long,Line
119,DG263L,9980.81820625978,194.31509585383,180496.406600356,Mowata,2021,0.961140858387354,Yield.LSU_01.0000138,25,Check,Nutrien,CONV,Long,Line
120,DG263L,9971.50211148684,278.99916709297,103056.285317233,Desha County,2021,0.813828740059357,Yield.LSU_01.0000138,25,Check,Nutrien,CONV,Long,Line
121,DG263L,8849.26845842416,253.987420704045,124305.288880087,Wintermann Rice Research Station,2021,0.914465139482436,Yield.LSU_01.0000138,25,Check,Nutrien,CONV,Long,Line
122,DG263L,7904.0905170876,304.951406154896,180477.504093351,Iowa,2021,0.922042593895625,Yield.LSU_01.0000138,25,Check,Nutrien,CONV,Long,Line
123,DG263L,7586.66158654406,385.976369151617,164416.710099377,St. Joseph,2022,0.937421136112444,Yield.LSU_01.0000138,25,Check,Nutrien,CONV,Long,Line
124,DG3H20004,10918.222544205,389.812171723306,95488.2429422757,Pine Tree Research Station,2022,0.945153369198133,Yield.LSU_01.0000138,13,Nutrien,Nutrien,CONV,Long,Hybrid
125,DG3H20004,9864.69675646427,286.315121898854,129459.356285351,Winnsboro,2022,0.941433619615415,Yield.LSU_01.0000138,13,Nutrien,Nutrien,CONV,Long,Hybrid
126,DG3H20004,9763.44249818623,421.010310519198,182019.39439867,Desha County,2022,0.822821514472978,Yield.LSU_01.0000138,13,Nutrien,Nutrien,CONV,Long,Hybrid
127,DG3H20004,9987.7111228632,217.147230176802,60134.2123405716,UA Northeast Rice Res & Ext Ctr,2022,0.943728548983391,Yield.LSU_01.0000138,13,Nutrien,Nutrien,CONV,Long,Hybrid
128,DG3H20004,10786.7243660231,212.35988393262,85423.3942284748,Palmetto,2022,0.958092893267402,Yield.LSU_01.0000138,13,Nutrien,Nutrien,CONV,Long,Hybrid
129,DG3H20004,10514.1365088517,353.510091117993,160946.666697579,Lawrence County,2022,0.949964588523811,Yield.LSU_01.0000138,13,Nutrien,Nutrien,CONV,Long,Hybrid
130,DG3H20004,8529.39816520283,566.0631053995,256948.822906366,UA Northeast Res and Ext Center,2022,0.850884013781188,Yield.LSU_01.0000138,13,Nutrien,Nutrien,CONV,Long,Hybrid
131,DG3H20004,12061.9413262,255.915607974596,90295.7056612347,Nutrien Rice Breeding Station,2022,0.908410421581201,Yield.LSU_01.0000138,13,Nutrien,Nutrien,CONV,Long,Hybrid
132,DG3H20004,10756.9215954218,427.26159437975,142753.296327987,Mowata,2022,0.715104020014099,Yield.LSU_01.0000138,13,Nutrien,Nutrien,CONV,Long,Hybrid
133,DG3H20004,11299.6612755519,283.042983529696,114176.513680456,Rice Research Station,2022,0.938590376125822,Yield.LSU_01.0000138,13,Nutrien,Nutrien,CONV,Long,Hybrid
134,DG3H20004,10955.6614968464,287.822340185308,100477.796920667,Rice Research Station - Late,2022,0.884763580620937,Yield.LSU_01.0000138,13,Nutrien,Nutrien,CONV,Long,Hybrid
135,DG3H20004,11818.5236952721,302.78608269991,135431.59015076,Bay City,2022,0.936513530130424,Yield.LSU_01.0000138,13,Nutrien,Nutrien,CONV,Long,Hybrid
136,DG3H20004,10871.564758147,390.97857424348,167155.369775299,St. Joseph,2022,0.937421136112444,Yield.LSU_01.0000138,13,Nutrien,Nutrien,CONV,Long,Hybrid
137,DG3H20004,14277.3516249177,255.803322519591,136225.579207989,Mamou,2022,0.966522782612498,Yield.LSU_01.0000138,13,Nutrien,Nutrien,CONV,Long,Hybrid
138,DG3H20004,10191.6238993837,463.29166820533,126308.531569882,UA Rice Res and Ext Center,2022,0.923103163265123,Yield.LSU_01.0000138,13,Nutrien,Nutrien,CONV,Long,Hybrid
139,DG3H20004,10521.9221913561,318.788901492139,166768.752429791,Lake Arthur,2022,0.951796004215466,Yield.LSU_01.0000138,13,Nutrien,Nutrien,CONV,Long,Hybrid
140,DG3H20004,11804.410451481,400.019656216449,144014.773578172,Rice Research Station South,2022,0.80730134913134,Yield.LSU_01.0000138,13,Nutrien,Nutrien,CONV,Long,Hybrid
141,DG3H20363,7449.30328710364,527.455493058726,229176.123851678,UA Northeast Res and Ext Center,2022,0.850884013781188,Yield.LSU_01.0000138,14,Nutrien,Nutrien,CONV,Long,Hybrid
142,DG3H20363,9015.36155886612,383.58463074877,165854.21303406,St. Joseph,2022,0.937421136112444,Yield.LSU_01.0000138,14,Nutrien,Nutrien,CONV,Long,Hybrid
143,DG3H20363,9813.58782152199,216.018064414837,59621.0884216796,UA Northeast Rice Res & Ext Ctr,2022,0.943728548983391,Yield.LSU_01.0000138,14,Nutrien,Nutrien,CONV,Long,Hybrid
144,DG3H20363,11130.9419179843,393.249838435594,96024.2296982168,Pine Tree Research Station,2022,0.945153369198133,Yield.LSU_01.0000138,14,Nutrien,Nutrien,CONV,Long,Hybrid
145,DG3H20363,10506.0119005394,478.096534069373,135200.26925775,UA Rice Res and Ext Center,2022,0.923103163265123,Yield.LSU_01.0000138,14,Nutrien,Nutrien,CONV,Long,Hybrid
146,DG3H20363,9992.3213520355,251.284029401221,110485.479831337,Lawrence County,2022,0.949964588523811,Yield.LSU_01.0000138,14,Nutrien,Nutrien,CONV,Long,Hybrid
147,DG3H20363,9787.55719827974,427.951290202081,145159.263741155,Mowata,2022,0.715104020014099,Yield.LSU_01.0000138,14,Nutrien,Nutrien,CONV,Long,Hybrid
148,DG3H20363,9597.01001255692,419.547778793094,181109.798508576,Desha County,2022,0.822821514472978,Yield.LSU_01.0000138,14,Nutrien,Nutrien,CONV,Long,Hybrid
149,DG3H20363,10275.9039747718,214.008349305165,85456.8840220905,Palmetto,2022,0.958092893267402,Yield.LSU_01.0000138,14,Nutrien,Nutrien,CONV,Long,Hybrid
150,DG3H20363,12284.65230523,297.297245259427,134309.51455735,Bay City,2022,0.936513530130424,Yield.LSU_01.0000138,14,Nutrien,Nutrien,CONV,Long,Hybrid
151,DG3H20363,11460.3486224223,274.155693859139,106837.636765774,Rice Research Station,2022,0.938590376125822,Yield.LSU_01.0000138,14,Nutrien,Nutrien,CONV,Long,Hybrid
152,DG3H20363,10772.8841220509,293.334350959207,135428.945252462,Winnsboro,2022,0.941433619615415,Yield.LSU_01.0000138,14,Nutrien,Nutrien,CONV,Long,Hybrid
153,DG3H20363,14082.0101184202,262.488491837793,140511.141428325,Mamou,2022,0.966522782612498,Yield.LSU_01.0000138,14,Nutrien,Nutrien,CONV,Long,Hybrid
154,DG3H20363,11272.3260200134,290.878536589167,95844.8752293604,Rice Research Station - Late,2022,0.884763580620937,Yield.LSU_01.0000138,14,Nutrien,Nutrien,CONV,Long,Hybrid
155,DG3H20363,10989.0908664141,273.242169841697,99675.3990909289,Nutrien Rice Breeding Station,2022,0.908410421581201,Yield.LSU_01.0000138,14,Nutrien,Nutrien,CONV,Long,Hybrid
156,DG3H20363,10850.8320741702,320.254150588829,169068.641582157,Lake Arthur,2022,0.951796004215466,Yield.LSU_01.0000138,14,Nutrien,Nutrien,CONV,Long,Hybrid
157,DG3H20363,12586.5275866496,398.600260908492,144504.089338339,Rice Research Station South,2022,0.80730134913134,Yield.LSU_01.0000138,14,Nutrien,Nutrien,CONV,Long,Hybrid
158,DG3H20408,9987.65084786837,395.75631622578,172198.129993563,St. Joseph,2022,0.937421136112444,Yield.LSU_01.0000138,15,Nutrien,Nutrien,CONV,Long,Hybrid
159,DG3H20408,9451.34025227201,223.641954904345,62490.0299495571,UA Northeast Rice Res & Ext Ctr,2022,0.943728548983391,Yield.LSU_01.0000138,15,Nutrien,Nutrien,CONV,Long,Hybrid
160,DG3H20408,10167.0778855246,211.05146472537,85294.518131285,Palmetto,2022,0.958092893267402,Yield.LSU_01.0000138,15,Nutrien,Nutrien,CONV,Long,Hybrid
161,DG3H20408,12600.9475008088,257.716982434977,136912.588695147,Mamou,2022,0.966522782612498,Yield.LSU_01.0000138,15,Nutrien,Nutrien,CONV,Long,Hybrid
162,DG3H20408,10032.9658619061,258.960023650438,114272.438699533,Lawrence County,2022,0.949964588523811,Yield.LSU_01.0000138,15,Nutrien,Nutrien,CONV,Long,Hybrid
163,DG3H20408,9737.54820438057,214.821191446987,58921.5604150884,Wintermann Rice Research Station,2022,0.925426915062098,Yield.LSU_01.0000138,15,Nutrien,Nutrien,CONV,Long,Hybrid
164,DG3H20408,11698.9412182434,263.984230230772,91578.9916872602,Nutrien Rice Breeding Station,2022,0.908410421581201,Yield.LSU_01.0000138,15,Nutrien,Nutrien,CONV,Long,Hybrid
165,DG3H20408,9905.62546491267,489.201296775653,217267.29018602,Desha County,2022,0.822821514472978,Yield.LSU_01.0000138,15,Nutrien,Nutrien,CONV,Long,Hybrid
166,DG3H20408,9267.79540128809,434.669020865561,148555.581621047,Mowata,2022,0.715104020014099,Yield.LSU_01.0000138,15,Nutrien,Nutrien,CONV,Long,Hybrid
167,DG3H20408,11313.9964241529,392.784808951276,97654.6661578376,Pine Tree Research Station,2022,0.945153369198133,Yield.LSU_01.0000138,15,Nutrien,Nutrien,CONV,Long,Hybrid
168,DG3H20408,11571.7752863345,271.046261000482,107095.241516872,Rice Research Station,2022,0.938590376125822,Yield.LSU_01.0000138,15,Nutrien,Nutrien,CONV,Long,Hybrid
169,DG3H20408,11324.1737909694,544.746273517163,227852.227660138,UA Northeast Res and Ext Center,2022,0.850884013781188,Yield.LSU_01.0000138,15,Nutrien,Nutrien,CONV,Long,Hybrid
170,DG3H20408,11499.2311495428,486.387996269615,135246.556012914,UA Rice Res and Ext Center,2022,0.923103163265123,Yield.LSU_01.0000138,15,Nutrien,Nutrien,CONV,Long,Hybrid
171,DG3H20408,9461.67223841439,299.783302749339,135162.660824299,Winnsboro,2022,0.941433619615415,Yield.LSU_01.0000138,15,Nutrien,Nutrien,CONV,Long,Hybrid
172,DG3H20408,9980.612992501,329.924147012495,175903.395677927,Lake Arthur,2022,0.951796004215466,Yield.LSU_01.0000138,15,Nutrien,Nutrien,CONV,Long,Hybrid
173,DG3H20408,13081.43311517,371.346633040197,173479.750467018,Bay City,2022,0.936513530130424,Yield.LSU_01.0000138,15,Nutrien,Nutrien,CONV,Long,Hybrid
174,DG3H20408,12708.3996575582,397.067809864108,142750.245010979,Rice Research Station South,2022,0.80730134913134,Yield.LSU_01.0000138,15,Nutrien,Nutrien,CONV,Long,Hybrid
175,DG3H20408,11240.9472421193,282.492311989836,91383.292974964,Rice Research Station - Late,2022,0.884763580620937,Yield.LSU_01.0000138,15,Nutrien,Nutrien,CONV,Long,Hybrid
176,DGL2065,7164.35980613782,598.353306778324,315300.963427603,St. Joseph,2022,0.937421136112444,Yield.LSU_01.0000138,11,Nutrien,Nutrien,CONV,Long,Line
177,DGL2065,7293.75579738097,220.435104727584,61410.3402018538,UA Northeast Rice Res & Ext Ctr,2022,0.943728548983391,Yield.LSU_01.0000138,11,Nutrien,Nutrien,CONV,Long,Line
178,DGL2065,9889.42727425628,253.173323186028,134386.989912779,Mamou,2022,0.966522782612498,Yield.LSU_01.0000138,11,Nutrien,Nutrien,CONV,Long,Line
179,DGL2065,7354.07844263722,249.231129569605,109715.985305685,Lawrence County,2022,0.949964588523811,Yield.LSU_01.0000138,11,Nutrien,Nutrien,CONV,Long,Line
180,DGL2065,8842.234144606,406.952344860643,98903.5726737992,Pine Tree Research Station,2022,0.945153369198133,Yield.LSU_01.0000138,11,Nutrien,Nutrien,CONV,Long,Line
181,DGL2065,7583.46674065848,450.628977313422,158463.297127869,Mowata,2022,0.715104020014099,Yield.LSU_01.0000138,11,Nutrien,Nutrien,CONV,Long,Line
182,DGL2065,10611.3707658752,276.453615747504,109080.104122111,Rice Research Station,2022,0.938590376125822,Yield.LSU_01.0000138,11,Nutrien,Nutrien,CONV,Long,Line
183,DGL2065,9250.9590049732,221.761833765553,58763.9845282947,Wintermann Rice Research Station,2022,0.925426915062098,Yield.LSU_01.0000138,11,Nutrien,Nutrien,CONV,Long,Line
184,DGL2065,6547.15508026306,278.739155594664,125285.050999218,Winnsboro,2022,0.941433619615415,Yield.LSU_01.0000138,11,Nutrien,Nutrien,CONV,Long,Line
185,DGL2065,8739.22601389172,491.566707855078,135541.980030047,UA Rice Res and Ext Center,2022,0.923103163265123,Yield.LSU_01.0000138,11,Nutrien,Nutrien,CONV,Long,Line
186,DGL2065,10138.9499081091,309.174388478582,145805.152573186,Bay City,2022,0.936513530130424,Yield.LSU_01.0000138,11,Nutrien,Nutrien,CONV,Long,Line
187,DGL2065,8138.18227955244,549.987449436347,231212.407809234,UA Northeast Res and Ext Center,2022,0.850884013781188,Yield.LSU_01.0000138,11,Nutrien,Nutrien,CONV,Long,Line
188,DGL2065,7618.01003396392,210.020218999981,84552.987458023,Palmetto,2022,0.958092893267402,Yield.LSU_01.0000138,11,Nutrien,Nutrien,CONV,Long,Line
189,DGL2065,7202.11869046787,586.662956158901,276623.607942806,Desha County,2022,0.822821514472978,Yield.LSU_01.0000138,11,Nutrien,Nutrien,CONV,Long,Line
190,DGL2065,7190.32776749806,315.810802226315,167964.656430053,Lake Arthur,2022,0.951796004215466,Yield.LSU_01.0000138,11,Nutrien,Nutrien,CONV,Long,Line
191,DGL2065,10802.0723302403,260.926253236954,89753.5012778959,Nutrien Rice Breeding Station,2022,0.908410421581201,Yield.LSU_01.0000138,11,Nutrien,Nutrien,CONV,Long,Line
192,DGL2065,9889.44458352271,286.661668383932,92396.2543481403,Rice Research Station - Late,2022,0.884763580620937,Yield.LSU_01.0000138,11,Nutrien,Nutrien,CONV,Long,Line
193,DGL2065,10810.2397813895,392.037718775964,138926.70595131,Rice Research Station South,2022,0.80730134913134,Yield.LSU_01.0000138,11,Nutrien,Nutrien,CONV,Long,Line
194,DGM004,9594.38652610647,435.983730566004,148296.78033718,Mowata,2022,0.715104020014099,Yield.LSU_01.0000138,12,Nutrien,Nutrien,CONV,Medium,Line
195,DGM004,7267.23215534744,251.816414823938,110671.533081275,Lawrence County,2022,0.949964588523811,Yield.LSU_01.0000138,12,Nutrien,Nutrien,CONV,Medium,Line
196,DGM004,7924.98284036388,216.605971454316,59838.9125048386,UA Northeast Rice Res & Ext Ctr,2022,0.943728548983391,Yield.LSU_01.0000138,12,Nutrien,Nutrien,CONV,Medium,Line
197,DGM004,8593.94223291934,214.76153712763,57422.2791230429,Wintermann Rice Research Station,2022,0.925426915062098,Yield.LSU_01.0000138,12,Nutrien,Nutrien,CONV,Medium,Line
198,DGM004,8028.71499395679,519.843582958989,229647.19287806,UA Northeast Res and Ext Center,2022,0.850884013781188,Yield.LSU_01.0000138,12,Nutrien,Nutrien,CONV,Medium,Line
199,DGM004,7786.3907896154,220.995944372045,51002.9985189512,Winnsboro,2021,0.761875531009231,Yield.LSU_01.0000138,12,Nutrien,Nutrien,CONV,Medium,Line
200,DGM004,10407.9486633508,426.219295576149,149971.994283449,Lake Arthur,2021,0.773256872388895,Yield.LSU_01.0000138,12,Nutrien,Nutrien,CONV,Medium,Line
201,DGM004,8029.71420252125,314.288332478995,189582.429037341,Bay City,2021,0.946929917929501,Yield.LSU_01.0000138,12,Nutrien,Nutrien,CONV,Medium,Line
202,DGM004,10452.1822783335,641.107502117855,145087.151945265,Pine Tree Research Station,2021,0.499611940877758,Yield.LSU_01.0000138,12,Nutrien,Nutrien,CONV,Medium,Line
203,DGM004,8771.3923644529,273.609415525222,96788.9885075691,Desha County,2021,0.813828740059357,Yield.LSU_01.0000138,12,Nutrien,Nutrien,CONV,Medium,Line
204,DGM004,9070.35611782127,204.603202473827,188240.098353239,Mowata,2021,0.961140858387354,Yield.LSU_01.0000138,12,Nutrien,Nutrien,CONV,Medium,Line
205,DGM004,8353.86026705523,206.006500920182,82715.3188815888,Palmetto,2022,0.958092893267402,Yield.LSU_01.0000138,12,Nutrien,Nutrien,CONV,Medium,Line
206,DGM004,5701.00096941644,422.224966878342,193618.369496862,St. Joseph,2022,0.937421136112444,Yield.LSU_01.0000138,12,Nutrien,Nutrien,CONV,Medium,Line
207,DGM004,9655.89260443161,181.788057725046,103319.595471058,Lawrence County,2021,0.954202924715745,Yield.LSU_01.0000138,12,Nutrien,Nutrien,CONV,Medium,Line
208,DGM004,7324.95932402105,283.275631512691,126065.458463162,Winnsboro,2022,0.941433619615415,Yield.LSU_01.0000138,12,Nutrien,Nutrien,CONV,Medium,Line
209,DGM004,7847.09834742131,466.494509267937,126725.32915619,UA Rice Res and Ext Center,2022,0.923103163265123,Yield.LSU_01.0000138,12,Nutrien,Nutrien,CONV,Medium,Line
210,DGM004,8414.00323943189,300.356694744546,122148.906745499,Rice Research Station,2022,0.938590376125822,Yield.LSU_01.0000138,12,Nutrien,Nutrien,CONV,Medium,Line
211,DGM004,8764.01887809479,245.837827653898,123280.412124573,Wintermann Rice Research Station,2021,0.914465139482436,Yield.LSU_01.0000138,12,Nutrien,Nutrien,CONV,Medium,Line
212,DGM004,8842.5940361909,255.855602722644,229780.887637792,UA Northeast Res and Ext Center,2021,0.963828719016503,Yield.LSU_01.0000138,12,Nutrien,Nutrien,CONV,Medium,Line
213,DGM004,6674.125862318,409.85353632772,181382.1427364,Desha County,2022,0.822821514472978,Yield.LSU_01.0000138,12,Nutrien,Nutrien,CONV,Medium,Line
214,DGM004,8147.07435666063,379.015284246005,97465.295254274,Pine Tree Research Station,2022,0.945153369198133,Yield.LSU_01.0000138,12,Nutrien,Nutrien,CONV,Medium,Line
215,DGM004,9466.87385133525,415.834060399079,214168.526105231,Palmetto,2021,0.84519462219751,Yield.LSU_01.0000138,12,Nutrien,Nutrien,CONV,Medium,Line
216,DGM004,8809.14467103098,283.182509816233,93899.9164393845,Rice Research Station - Late,2022,0.884763580620937,Yield.LSU_01.0000138,12,Nutrien,Nutrien,CONV,Medium,Line
217,DGM004,7002.53593362259,538.209847217896,318612.586834282,Rice Research Station South,2021,0.843857778152297,Yield.LSU_01.0000138,12,Nutrien,Nutrien,CONV,Medium,Line
218,DGM004,8848.72084477024,264.331833705738,141209.372811914,Mamou,2022,0.966522782612498,Yield.LSU_01.0000138,12,Nutrien,Nutrien,CONV,Medium,Line
219,DGM004,8591.7484169631,482.34577843674,285765.281737992,UA Rice Res and Ext Center,2021,0.964106224761339,Yield.LSU_01.0000138,12,Nutrien,Nutrien,CONV,Medium,Line
220,DGM004,8963.23723218892,301.095749369254,136546.608969278,Bay City,2022,0.936513530130424,Yield.LSU_01.0000138,12,Nutrien,Nutrien,CONV,Medium,Line
221,DGM004,8383.25743417637,161.683404398602,279573.278942238,Mamou,2021,0.977400011032591,Yield.LSU_01.0000138,12,Nutrien,Nutrien,CONV,Medium,Line
222,DGM004,8724.96964065345,318.325089194227,133183.305776334,St. Joseph,2021,0.918605383320413,Yield.LSU_01.0000138,12,Nutrien,Nutrien,CONV,Medium,Line
223,DGM004,5206.6682631153,386.848208937701,208740.942855701,Lake Arthur,2022,0.951796004215466,Yield.LSU_01.0000138,12,Nutrien,Nutrien,CONV,Medium,Line
224,DGM004,9318.63913085596,169.446121882136,128359.248761048,UA Northeast Rice Res & Ext Ctr,2021,0.973594386669851,Yield.LSU_01.0000138,12,Nutrien,Nutrien,CONV,Medium,Line
225,DGM004,9127.56807824819,396.910005197191,141878.807601194,Rice Research Station South,2022,0.80730134913134,Yield.LSU_01.0000138,12,Nutrien,Nutrien,CONV,Medium,Line
226,DGM004,10083.5726754406,260.532662593582,88290.0942707245,Nutrien Rice Breeding Station,2022,0.908410421581201,Yield.LSU_01.0000138,12,Nutrien,Nutrien,CONV,Medium,Line
227,DGM004,8986.10835753284,419.974631796583,152716.63550043,Rice Research Station,2021,0.844974135891633,Yield.LSU_01.0000138,12,Nutrien,Nutrien,CONV,Medium,Line
228,DGM004,7373.22308837304,288.765651094131,174083.014533773,Iowa,2021,0.922042593895625,Yield.LSU_01.0000138,12,Nutrien,Nutrien,CONV,Medium,Line
229,Jupiter,7714.94702755476,223.61446552625,62453.7797915979,UA Northeast Rice Res & Ext Ctr,2022,0.943728548983391,Yield.LSU_01.0000138,24,Check,LSU,CONV,Medium,Line
230,Jupiter,5160.30548711711,387.163976722705,163084.150553109,St. Joseph,2022,0.937421136112444,Yield.LSU_01.0000138,24,Check,LSU,CONV,Medium,Line
231,Jupiter,9333.94877466403,180.315787914567,100522.386817992,Lawrence County,2021,0.954202924715745,Yield.LSU_01.0000138,24,Check,LSU,CONV,Medium,Line
232,Jupiter,10598.7068628836,638.715053169382,147241.883173256,Pine Tree Research Station,2021,0.499611940877758,Yield.LSU_01.0000138,24,Check,LSU,CONV,Medium,Line
233,Jupiter,7060.28413343367,534.204465104679,229179.867033874,UA Northeast Res and Ext Center,2022,0.850884013781188,Yield.LSU_01.0000138,24,Check,LSU,CONV,Medium,Line
234,Jupiter,8681.19616002701,263.496781236269,59607.0576123702,Winnsboro,2021,0.761875531009231,Yield.LSU_01.0000138,24,Check,LSU,CONV,Medium,Line
235,Jupiter,9471.00452445779,348.521979760083,139552.257080614,Lake Arthur,2021,0.773256872388895,Yield.LSU_01.0000138,24,Check,LSU,CONV,Medium,Line
236,Jupiter,8117.06102037615,236.491185843003,113822.96515332,Wintermann Rice Research Station,2021,0.914465139482436,Yield.LSU_01.0000138,24,Check,LSU,CONV,Medium,Line
237,Jupiter,8176.44654073015,293.272710497362,176617.425951073,Bay City,2021,0.946929917929501,Yield.LSU_01.0000138,24,Check,LSU,CONV,Medium,Line
238,Jupiter,9067.88737532231,253.175669478217,201804.4981594,Mowata,2021,0.961140858387354,Yield.LSU_01.0000138,24,Check,LSU,CONV,Medium,Line
239,Jupiter,6620.96402867311,254.267283924435,111820.577762253,Lawrence County,2022,0.949964588523811,Yield.LSU_01.0000138,24,Check,LSU,CONV,Medium,Line
240,Jupiter,7178.1546469387,271.452439529074,106006.536713063,Rice Research Station,2022,0.938590376125822,Yield.LSU_01.0000138,24,Check,LSU,CONV,Medium,Line
241,Jupiter,7329.91511920314,384.689846603304,96434.3885857998,Pine Tree Research Station,2022,0.945153369198133,Yield.LSU_01.0000138,24,Check,LSU,CONV,Medium,Line
242,Jupiter,7593.10861039067,314.446862298428,110023.975030651,Desha County,2021,0.813828740059357,Yield.LSU_01.0000138,24,Check,LSU,CONV,Medium,Line
243,Jupiter,8096.41881608796,434.239189514385,145961.429959879,Mowata,2022,0.715104020014099,Yield.LSU_01.0000138,24,Check,LSU,CONV,Medium,Line
244,Jupiter,9879.83834910735,167.258754435276,127931.474692958,UA Northeast Rice Res & Ext Ctr,2021,0.973594386669851,Yield.LSU_01.0000138,24,Check,LSU,CONV,Medium,Line
245,Jupiter,9181.48190349545,216.383264736182,59171.2108698201,Wintermann Rice Research Station,2022,0.925426915062098,Yield.LSU_01.0000138,24,Check,LSU,CONV,Medium,Line
246,Jupiter,6463.93952695954,282.890754541716,125841.392572636,Winnsboro,2022,0.941433619615415,Yield.LSU_01.0000138,24,Check,LSU,CONV,Medium,Line
247,Jupiter,7676.52007074133,458.502100218805,126279.500255906,UA Rice Res and Ext Center,2022,0.923103163265123,Yield.LSU_01.0000138,24,Check,LSU,CONV,Medium,Line
248,Jupiter,8486.30979584652,209.430988442257,84590.8797658806,Palmetto,2022,0.958092893267402,Yield.LSU_01.0000138,24,Check,LSU,CONV,Medium,Line
249,Jupiter,8398.12209397493,264.191282396579,139904.793179687,Mamou,2022,0.966522782612498,Yield.LSU_01.0000138,24,Check,LSU,CONV,Medium,Line
250,Jupiter,8645.43031435076,474.369453063696,284772.997336033,UA Rice Res and Ext Center,2021,0.964106224761339,Yield.LSU_01.0000138,24,Check,LSU,CONV,Medium,Line
251,Jupiter,5652.01085711773,489.563279110741,230425.444018239,Desha County,2022,0.822821514472978,Yield.LSU_01.0000138,24,Check,LSU,CONV,Medium,Line
252,Jupiter,8135.81596676159,301.574746953369,135260.464460294,Bay City,2022,0.936513530130424,Yield.LSU_01.0000138,24,Check,LSU,CONV,Medium,Line
253,Jupiter,7839.39639689384,356.509558544184,191482.984709529,Palmetto,2021,0.84519462219751,Yield.LSU_01.0000138,24,Check,LSU,CONV,Medium,Line
254,Jupiter,9163.38060788952,285.179415994731,92710.9460891556,Rice Research Station - Late,2022,0.884763580620937,Yield.LSU_01.0000138,24,Check,LSU,CONV,Medium,Line
255,Jupiter,8593.78234383557,450.606964179585,291026.157460123,Rice Research Station South,2021,0.843857778152297,Yield.LSU_01.0000138,24,Check,LSU,CONV,Medium,Line
256,Jupiter,9569.10641372971,150.080332674907,274199.93359439,Mamou,2021,0.977400011032591,Yield.LSU_01.0000138,24,Check,LSU,CONV,Medium,Line
257,Jupiter,10107.8834167862,401.969284413227,146017.336707184,Rice Research Station South,2022,0.80730134913134,Yield.LSU_01.0000138,24,Check,LSU,CONV,Medium,Line
258,Jupiter,8601.47250803086,285.053261231842,130784.854296309,St. Joseph,2021,0.918605383320413,Yield.LSU_01.0000138,24,Check,LSU,CONV,Medium,Line
259,Jupiter,8831.60855463881,259.270104356726,227338.464675587,UA Northeast Res and Ext Center,2021,0.963828719016503,Yield.LSU_01.0000138,24,Check,LSU,CONV,Medium,Line
260,Jupiter,7899.70814364387,290.432907580069,177995.300964417,Iowa,2021,0.922042593895625,Yield.LSU_01.0000138,24,Check,LSU,CONV,Medium,Line
261,Jupiter,7886.4051544265,441.738910763343,164762.165509454,Rice Research Station,2021,0.844974135891633,Yield.LSU_01.0000138,24,Check,LSU,CONV,Medium,Line
262,Jupiter,8774.91959043181,324.809715995527,112386.057058495,Nutrien Rice Breeding Station,2022,0.908410421581201,Yield.LSU_01.0000138,24,Check,LSU,CONV,Medium,Line
263,Jupiter,5809.59077188727,320.467956173119,167526.064904611,Lake Arthur,2022,0.951796004215466,Yield.LSU_01.0000138,24,Check,LSU,CONV,Medium,Line
264,Ozark,7173.74853993745,386.185392954992,164031.194975927,St. Joseph,2022,0.937421136112444,Yield.LSU_01.0000138,6,AR,AR,CONV,Long,Line
265,Ozark,9193.62224374382,432.235855971704,146537.127741354,Mowata,2022,0.715104020014099,Yield.LSU_01.0000138,6,AR,AR,CONV,Long,Line
266,Ozark,8704.12610651472,251.119665620018,110446.245150919,Lawrence County,2022,0.949964588523811,Yield.LSU_01.0000138,6,AR,AR,CONV,Long,Line
267,Ozark,9442.71871092505,566.509993878795,236032.381211791,UA Northeast Res and Ext Center,2022,0.850884013781188,Yield.LSU_01.0000138,6,AR,AR,CONV,Long,Line
268,Ozark,7809.94198950886,281.978296261945,126884.655353625,Winnsboro,2022,0.941433619615415,Yield.LSU_01.0000138,6,AR,AR,CONV,Long,Line
269,Ozark,7055.56779026619,481.904974148645,213685.141320631,Desha County,2022,0.822821514472978,Yield.LSU_01.0000138,6,AR,AR,CONV,Long,Line
270,Ozark,9739.12429930011,400.456670496441,98090.7759348493,Pine Tree Research Station,2022,0.945153369198133,Yield.LSU_01.0000138,6,AR,AR,CONV,Long,Line
271,Ozark,8817.65949795204,224.657179017381,63134.5179246918,UA Northeast Rice Res & Ext Ctr,2022,0.943728548983391,Yield.LSU_01.0000138,6,AR,AR,CONV,Long,Line
272,Ozark,7001.74032998377,325.591693759623,172484.784655199,Lake Arthur,2022,0.951796004215466,Yield.LSU_01.0000138,6,AR,AR,CONV,Long,Line
273,Ozark,8103.10493511808,212.253186726887,86155.9264047127,Palmetto,2022,0.958092893267402,Yield.LSU_01.0000138,6,AR,AR,CONV,Long,Line
274,Ozark,10491.229283008,481.359232240543,136708.868113267,UA Rice Res and Ext Center,2022,0.923103163265123,Yield.LSU_01.0000138,6,AR,AR,CONV,Long,Line
275,Ozark,9429.19434806808,270.661094103667,107050.871237758,Rice Research Station,2022,0.938590376125822,Yield.LSU_01.0000138,6,AR,AR,CONV,Long,Line
276,Ozark,11256.8334137171,253.187822327924,139640.068093508,Mamou,2022,0.966522782612498,Yield.LSU_01.0000138,6,AR,AR,CONV,Long,Line
277,Ozark,9536.59821487402,282.560106569229,91052.0974763765,Rice Research Station - Late,2022,0.884763580620937,Yield.LSU_01.0000138,6,AR,AR,CONV,Long,Line
278,Ozark,10316.8609374526,310.530736276638,141333.032622209,Bay City,2022,0.936513530130424,Yield.LSU_01.0000138,6,AR,AR,CONV,Long,Line
279,Ozark,8752.65560424794,233.939127593902,62012.9510651429,Wintermann Rice Research Station,2022,0.925426915062098,Yield.LSU_01.0000138,6,AR,AR,CONV,Long,Line
280,Ozark,9749.16422132333,395.86841035298,142908.304458383,Rice Research Station South,2022,0.80730134913134,Yield.LSU_01.0000138,6,AR,AR,CONV,Long,Line
281,Ozark,10170.705156098,249.574137075129,89165.8719878249,Nutrien Rice Breeding Station,2022,0.908410421581201,Yield.LSU_01.0000138,6,AR,AR,CONV,Long,Line
282,PVL03,10098.3543404136,302.022134205268,108845.201787579,Lake Arthur,2021,0.773256872388895,Yield.LSU_01.0000138,22,Check,LSU,PV,Long,Line
283,PVL03,7013.50629367131,389.282093942029,171678.918701295,St. Joseph,2022,0.937421136112444,Yield.LSU_01.0000138,22,Check,LSU,PV,Long,Line
284,PVL03,9394.24583707959,178.321673254525,178363.10159793,Mowata,2021,0.961140858387354,Yield.LSU_01.0000138,22,Check,LSU,PV,Long,Line
285,PVL03,7631.19549613978,219.413386974778,61014.9498095096,UA Northeast Rice Res & Ext Ctr,2022,0.943728548983391,Yield.LSU_01.0000138,22,Check,LSU,PV,Long,Line
286,PVL03,8775.37887187568,305.40366908271,187619.027551138,Bay City,2021,0.946929917929501,Yield.LSU_01.0000138,22,Check,LSU,PV,Long,Line
287,PVL03,7971.34711791943,544.067265459987,228880.714154553,UA Northeast Res and Ext Center,2022,0.850884013781188,Yield.LSU_01.0000138,22,Check,LSU,PV,Long,Line
288,PVL03,6563.26843638859,249.96856472911,109953.821660899,Lawrence County,2022,0.949964588523811,Yield.LSU_01.0000138,22,Check,LSU,PV,Long,Line
289,PVL03,9835.62163847709,298.058427493723,135728.197332215,Bay City,2022,0.936513530130424,Yield.LSU_01.0000138,22,Check,LSU,PV,Long,Line
290,PVL03,9204.81087526304,162.670338384551,96756.01507458,Lawrence County,2021,0.954202924715745,Yield.LSU_01.0000138,22,Check,LSU,PV,Long,Line
291,PVL03,8775.75593376257,390.447464341558,95714.2645735891,Pine Tree Research Station,2022,0.945153369198133,Yield.LSU_01.0000138,22,Check,LSU,PV,Long,Line
292,PVL03,8730.74288196096,650.564486491232,140165.600003135,Pine Tree Research Station,2021,0.499611940877758,Yield.LSU_01.0000138,22,Check,LSU,PV,Long,Line
293,PVL03,11115.1701725933,259.779073951827,139761.508771643,Mamou,2022,0.966522782612498,Yield.LSU_01.0000138,22,Check,LSU,PV,Long,Line
294,PVL03,11446.899889646,389.58204444539,138201.475153782,Rice Research Station South,2022,0.80730134913134,Yield.LSU_01.0000138,22,Check,LSU,PV,Long,Line
295,PVL03,8911.3403613685,456.495951886697,126982.964108679,UA Rice Res and Ext Center,2022,0.923103163265123,Yield.LSU_01.0000138,22,Check,LSU,PV,Long,Line
296,PVL03,10268.2396892663,273.138344858615,108119.249194537,Rice Research Station,2022,0.938590376125822,Yield.LSU_01.0000138,22,Check,LSU,PV,Long,Line
297,PVL03,9315.33922098387,161.142459383826,126706.447561915,UA Northeast Rice Res & Ext Ctr,2021,0.973594386669851,Yield.LSU_01.0000138,22,Check,LSU,PV,Long,Line
298,PVL03,9288.55449961001,149.857749112812,273507.57765954,Mamou,2021,0.977400011032591,Yield.LSU_01.0000138,22,Check,LSU,PV,Long,Line
299,PVL03,8126.88394612974,450.430588383019,155661.219539831,Mowata,2022,0.715104020014099,Yield.LSU_01.0000138,22,Check,LSU,PV,Long,Line
300,PVL03,8232.48960794116,265.640804966548,96165.2763735799,Desha County,2021,0.813828740059357,Yield.LSU_01.0000138,22,Check,LSU,PV,Long,Line
301,PVL03,8503.86312033091,233.877088008277,112677.214585566,Wintermann Rice Research Station,2021,0.914465139482436,Yield.LSU_01.0000138,22,Check,LSU,PV,Long,Line
302,PVL03,7509.50364031375,237.160868928989,57415.8855414699,Winnsboro,2021,0.761875531009231,Yield.LSU_01.0000138,22,Check,LSU,PV,Long,Line
303,PVL03,9232.68315156988,495.079092800671,284066.87543537,UA Rice Res and Ext Center,2021,0.964106224761339,Yield.LSU_01.0000138,22,Check,LSU,PV,Long,Line
304,PVL03,7468.20344100565,278.337311020174,125670.546299954,Winnsboro,2022,0.941433619615415,Yield.LSU_01.0000138,22,Check,LSU,PV,Long,Line
305,PVL03,8860.72594062269,312.78293676219,183900.530149277,Iowa,2021,0.922042593895625,Yield.LSU_01.0000138,22,Check,LSU,PV,Long,Line
306,PVL03,8844.61674827879,265.689250054913,87507.9939156135,Nutrien Rice Breeding Station,2022,0.908410421581201,Yield.LSU_01.0000138,22,Check,LSU,PV,Long,Line
307,PVL03,7310.56676800181,216.781890956574,59263.0685242884,Wintermann Rice Research Station,2022,0.925426915062098,Yield.LSU_01.0000138,22,Check,LSU,PV,Long,Line
308,PVL03,7140.11428321946,408.362897812279,176350.304711851,Desha County,2022,0.822821514472978,Yield.LSU_01.0000138,22,Check,LSU,PV,Long,Line
309,PVL03,8762.39838524115,320.058425623764,170059.031550366,Lake Arthur,2022,0.951796004215466,Yield.LSU_01.0000138,22,Check,LSU,PV,Long,Line
310,PVL03,8455.58622895102,325.804961749921,131775.817915494,St. Joseph,2021,0.918605383320413,Yield.LSU_01.0000138,22,Check,LSU,PV,Long,Line
311,PVL03,9737.66593809098,279.698045631497,90670.5408124475,Rice Research Station - Late,2022,0.884763580620937,Yield.LSU_01.0000138,22,Check,LSU,PV,Long,Line
312,PVL03,7208.22899682657,362.088167170104,186316.797485648,Palmetto,2021,0.84519462219751,Yield.LSU_01.0000138,22,Check,LSU,PV,Long,Line
313,PVL03,9251.56520554939,455.15364233255,293343.588601454,Rice Research Station South,2021,0.843857778152297,Yield.LSU_01.0000138,22,Check,LSU,PV,Long,Line
314,PVL03,8570.69157820438,422.989894410606,156630.170667292,Rice Research Station,2021,0.844974135891633,Yield.LSU_01.0000138,22,Check,LSU,PV,Long,Line
315,PVL03,7869.54977807381,208.442656203021,85183.5633145184,Palmetto,2022,0.958092893267402,Yield.LSU_01.0000138,22,Check,LSU,PV,Long,Line
316,PVL03,9479.90094069564,268.40482159811,231457.43580455,UA Northeast Res and Ext Center,2021,0.963828719016503,Yield.LSU_01.0000138,22,Check,LSU,PV,Long,Line
317,RU1801101,6982.3115466239,401.209816343555,174418.881695872,St. Joseph,2022,0.937421136112444,Yield.LSU_01.0000138,7,AR,AR,CL,Long,Line
318,RU1801101,8323.72782495142,220.794302736155,61365.518569967,UA Northeast Rice Res & Ext Ctr,2022,0.943728548983391,Yield.LSU_01.0000138,7,AR,AR,CL,Long,Line
319,RU1801101,9596.90022948781,398.390888951516,97597.687773994,Pine Tree Research Station,2022,0.945153369198133,Yield.LSU_01.0000138,7,AR,AR,CL,Long,Line
320,RU1801101,9482.16969496351,180.148291596067,185223.208134905,Mowata,2021,0.961140858387354,Yield.LSU_01.0000138,7,AR,AR,CL,Long,Line
321,RU1801101,10072.8592073798,593.080900599133,140575.639330235,Pine Tree Research Station,2021,0.499611940877758,Yield.LSU_01.0000138,7,AR,AR,CL,Long,Line
322,RU1801101,7877.19957536902,305.194652130716,182743.849566052,Bay City,2021,0.946929917929501,Yield.LSU_01.0000138,7,AR,AR,CL,Long,Line
323,RU1801101,8267.59562987204,269.15489913629,96276.5676677179,Desha County,2021,0.813828740059357,Yield.LSU_01.0000138,7,AR,AR,CL,Long,Line
324,RU1801101,7336.55932756391,281.719637001368,128557.91296005,Winnsboro,2022,0.941433619615415,Yield.LSU_01.0000138,7,AR,AR,CL,Long,Line
325,RU1801101,8795.84998751983,551.042892041165,231837.60803458,UA Northeast Res and Ext Center,2022,0.850884013781188,Yield.LSU_01.0000138,7,AR,AR,CL,Long,Line
326,RU1801101,9311.95893248227,464.430396170178,126527.974776614,UA Rice Res and Ext Center,2022,0.923103163265123,Yield.LSU_01.0000138,7,AR,AR,CL,Long,Line
327,RU1801101,9610.21413629932,211.196861126319,110715.021627838,Wintermann Rice Research Station,2021,0.914465139482436,Yield.LSU_01.0000138,7,AR,AR,CL,Long,Line
328,RU1801101,9931.7561270844,154.105682474915,275400.74987613,Mamou,2021,0.977400011032591,Yield.LSU_01.0000138,7,AR,AR,CL,Long,Line
329,RU1801101,8224.87550395112,240.818262606356,54529.8343619385,Winnsboro,2021,0.761875531009231,Yield.LSU_01.0000138,7,AR,AR,CL,Long,Line
330,RU1801101,10120.1079524159,163.209019512369,96827.8923572424,Lawrence County,2021,0.954202924715745,Yield.LSU_01.0000138,7,AR,AR,CL,Long,Line
331,RU1801101,10893.8970383866,267.941583354767,108405.161547354,Rice Research Station,2022,0.938590376125822,Yield.LSU_01.0000138,7,AR,AR,CL,Long,Line
332,RU1801101,9195.83518013517,434.796465448238,146564.691675124,Mowata,2022,0.715104020014099,Yield.LSU_01.0000138,7,AR,AR,CL,Long,Line
333,RU1801101,6816.22400202901,362.863912199023,186692.459437228,Palmetto,2021,0.84519462219751,Yield.LSU_01.0000138,7,AR,AR,CL,Long,Line
334,RU1801101,11425.200681327,399.626254758156,144253.342170326,Rice Research Station South,2022,0.80730134913134,Yield.LSU_01.0000138,7,AR,AR,CL,Long,Line
335,RU1801101,8134.32268893132,249.854388116576,109823.202286638,Lawrence County,2022,0.949964588523811,Yield.LSU_01.0000138,7,AR,AR,CL,Long,Line
336,RU1801101,9484.21492261087,318.234082637282,113569.084174833,Lake Arthur,2021,0.773256872388895,Yield.LSU_01.0000138,7,AR,AR,CL,Long,Line
337,RU1801101,7987.13585063618,475.692735653821,212811.549486284,Desha County,2022,0.822821514472978,Yield.LSU_01.0000138,7,AR,AR,CL,Long,Line
338,RU1801101,8573.65697121258,318.366163032367,168963.037095581,Lake Arthur,2022,0.951796004215466,Yield.LSU_01.0000138,7,AR,AR,CL,Long,Line
339,RU1801101,10535.579431356,172.470058407447,129430.352419071,UA Northeast Rice Res & Ext Ctr,2021,0.973594386669851,Yield.LSU_01.0000138,7,AR,AR,CL,Long,Line
340,RU1801101,10818.8671899434,259.565756158923,138269.726715124,Mamou,2022,0.966522782612498,Yield.LSU_01.0000138,7,AR,AR,CL,Long,Line
341,RU1801101,10476.0486114744,256.84207086734,228469.116226269,UA Northeast Res and Ext Center,2021,0.963828719016503,Yield.LSU_01.0000138,7,AR,AR,CL,Long,Line
342,RU1801101,9114.65789770844,428.520775302855,155509.748485587,Rice Research Station,2021,0.844974135891633,Yield.LSU_01.0000138,7,AR,AR,CL,Long,Line
343,RU1801101,9567.64589817352,285.359108732973,92127.2747376903,Rice Research Station - Late,2022,0.884763580620937,Yield.LSU_01.0000138,7,AR,AR,CL,Long,Line
344,RU1801101,8960.59666280814,294.710312137161,178344.744820093,Iowa,2021,0.922042593895625,Yield.LSU_01.0000138,7,AR,AR,CL,Long,Line
345,RU1801101,9383.93593220935,442.29488223107,272317.572590753,Rice Research Station South,2021,0.843857778152297,Yield.LSU_01.0000138,7,AR,AR,CL,Long,Line
346,RU1801101,8385.83249055023,219.624208956241,58670.5703067821,Wintermann Rice Research Station,2022,0.925426915062098,Yield.LSU_01.0000138,7,AR,AR,CL,Long,Line
347,RU1801101,9422.72904959369,336.931544082766,127197.532885325,St. Joseph,2021,0.918605383320413,Yield.LSU_01.0000138,7,AR,AR,CL,Long,Line
348,RU1801101,9953.13511266953,498.386402264943,284191.712349467,UA Rice Res and Ext Center,2021,0.964106224761339,Yield.LSU_01.0000138,7,AR,AR,CL,Long,Line
349,RU1801101,8590.71789418582,214.995631670147,87029.144845714,Palmetto,2022,0.958092893267402,Yield.LSU_01.0000138,7,AR,AR,CL,Long,Line
350,RU1902026,9664.58571254828,391.015103643591,96434.0496382784,Pine Tree Research Station,2022,0.945153369198133,Yield.LSU_01.0000138,17,Horizon,LSU,CL,Long,Line
351,RU1902026,9130.97562114403,258.990041041605,165982.826403033,Bay City,2021,0.946929917929501,Yield.LSU_01.0000138,17,Horizon,LSU,CL,Long,Line
352,RU1902026,8519.24023149316,222.0211169622,62346.3053158011,UA Northeast Rice Res & Ext Ctr,2022,0.943728548983391,Yield.LSU_01.0000138,17,Horizon,LSU,CL,Long,Line
353,RU1902026,8344.97044448842,250.500296536027,110285.142512875,Lawrence County,2022,0.949964588523811,Yield.LSU_01.0000138,17,Horizon,LSU,CL,Long,Line
354,RU1902026,7622.74596994433,385.715618645754,166144.670524099,St. Joseph,2022,0.937421136112444,Yield.LSU_01.0000138,17,Horizon,LSU,CL,Long,Line
355,RU1902026,9744.48732759195,154.080012398063,93869.3532455963,Lawrence County,2021,0.954202924715745,Yield.LSU_01.0000138,17,Horizon,LSU,CL,Long,Line
356,RU1902026,8804.87187622077,314.436731481054,107675.692358898,Desha County,2021,0.813828740059357,Yield.LSU_01.0000138,17,Horizon,LSU,CL,Long,Line
357,RU1902026,10579.67535506,174.749911086209,130612.600190303,UA Northeast Rice Res & Ext Ctr,2021,0.973594386669851,Yield.LSU_01.0000138,17,Horizon,LSU,CL,Long,Line
358,RU1902026,10014.9736322681,613.143349739794,138354.720131389,Pine Tree Research Station,2021,0.499611940877758,Yield.LSU_01.0000138,17,Horizon,LSU,CL,Long,Line
359,RU1902026,9600.31959486341,455.643831276363,126307.033903686,UA Rice Res and Ext Center,2022,0.923103163265123,Yield.LSU_01.0000138,17,Horizon,LSU,CL,Long,Line
360,RU1902026,9855.43100034508,184.168597553236,179583.104104438,Mowata,2021,0.961140858387354,Yield.LSU_01.0000138,17,Horizon,LSU,CL,Long,Line
361,RU1902026,6834.49150470659,288.273440667204,129973.016340565,Winnsboro,2022,0.941433619615415,Yield.LSU_01.0000138,17,Horizon,LSU,CL,Long,Line
362,RU1902026,10012.0142342876,482.080574186426,183022.010510789,Rice Research Station South,2022,0.80730134913134,Yield.LSU_01.0000138,17,Horizon,LSU,CL,Long,Line
363,RU1902026,9593.28849026702,333.147409772524,117144.515905897,Lake Arthur,2021,0.773256872388895,Yield.LSU_01.0000138,17,Horizon,LSU,CL,Long,Line
364,RU1902026,9344.95179247119,228.338044297293,110954.623555709,Wintermann Rice Research Station,2021,0.914465139482436,Yield.LSU_01.0000138,17,Horizon,LSU,CL,Long,Line
365,RU1902026,8912.88699675354,423.992785511141,144503.692254297,Mowata,2022,0.715104020014099,Yield.LSU_01.0000138,17,Horizon,LSU,CL,Long,Line
366,RU1902026,7689.83436378006,231.48643614618,52457.2486773767,Winnsboro,2021,0.761875531009231,Yield.LSU_01.0000138,17,Horizon,LSU,CL,Long,Line
367,RU1902026,10365.2183632114,300.308993035657,134990.909411024,Bay City,2022,0.936513530130424,Yield.LSU_01.0000138,17,Horizon,LSU,CL,Long,Line
368,RU1902026,10872.8132004765,275.748626163403,111355.688562166,Rice Research Station,2022,0.938590376125822,Yield.LSU_01.0000138,17,Horizon,LSU,CL,Long,Line
369,RU1902026,10360.5987331692,274.00302255623,93230.6206642634,Nutrien Rice Breeding Station,2022,0.908410421581201,Yield.LSU_01.0000138,17,Horizon,LSU,CL,Long,Line
370,RU1902026,6518.19928622544,348.547732132116,184239.55841989,Palmetto,2021,0.84519462219751,Yield.LSU_01.0000138,17,Horizon,LSU,CL,Long,Line
371,RU1902026,9560.42963384583,154.784441097479,275528.786366845,Mamou,2021,0.977400011032591,Yield.LSU_01.0000138,17,Horizon,LSU,CL,Long,Line
372,RU1902026,9210.68922643876,539.374327370159,229559.705757885,UA Northeast Res and Ext Center,2022,0.850884013781188,Yield.LSU_01.0000138,17,Horizon,LSU,CL,Long,Line
373,RU1902026,11236.4072565735,256.288518092346,135865.911777182,Mamou,2022,0.966522782612498,Yield.LSU_01.0000138,17,Horizon,LSU,CL,Long,Line
374,RU1902026,7887.61204304391,407.544448788026,175981.262028172,Desha County,2022,0.822821514472978,Yield.LSU_01.0000138,17,Horizon,LSU,CL,Long,Line
375,RU1902026,8295.84591345983,316.944580831476,166940.947325095,Lake Arthur,2022,0.951796004215466,Yield.LSU_01.0000138,17,Horizon,LSU,CL,Long,Line
376,RU1902026,9310.56839990311,324.278507437066,128310.038639635,St. Joseph,2021,0.918605383320413,Yield.LSU_01.0000138,17,Horizon,LSU,CL,Long,Line
377,RU1902026,9661.95059644426,272.798405100387,229170.69540039,UA Northeast Res and Ext Center,2021,0.963828719016503,Yield.LSU_01.0000138,17,Horizon,LSU,CL,Long,Line
378,RU1902026,7964.46510059216,434.530861788095,276088.099364674,Rice Research Station South,2021,0.843857778152297,Yield.LSU_01.0000138,17,Horizon,LSU,CL,Long,Line
379,RU1902026,8120.48010649126,211.994037555166,86270.7500248339,Palmetto,2022,0.958092893267402,Yield.LSU_01.0000138,17,Horizon,LSU,CL,Long,Line
380,RU1902026,8391.05690937173,291.584551906869,175166.540365304,Iowa,2021,0.922042593895625,Yield.LSU_01.0000138,17,Horizon,LSU,CL,Long,Line
381,RU1902026,9775.19177497549,498.839033428987,283293.702173864,UA Rice Res and Ext Center,2021,0.964106224761339,Yield.LSU_01.0000138,17,Horizon,LSU,CL,Long,Line
382,RU1902026,10488.2300892394,281.827435493875,90405.7949658126,Rice Research Station - Late,2022,0.884763580620937,Yield.LSU_01.0000138,17,Horizon,LSU,CL,Long,Line
383,RU1902026,9690.8466944443,421.322846937789,153860.130638788,Rice Research Station,2021,0.844974135891633,Yield.LSU_01.0000138,17,Horizon,LSU,CL,Long,Line
384,RU1902026,7819.1070123482,212.989258818339,58314.2225838158,Wintermann Rice Research Station,2022,0.925426915062098,Yield.LSU_01.0000138,17,Horizon,LSU,CL,Long,Line
385,RU2004071,7441.69782858667,223.356400234144,62564.8138552875,UA Northeast Rice Res & Ext Ctr,2022,0.943728548983391,Yield.LSU_01.0000138,20,Horizon,MS,CL,Long,Line
386,RU2004071,8300.49262984244,386.28157558814,163773.164878281,St. Joseph,2022,0.937421136112444,Yield.LSU_01.0000138,20,Horizon,MS,CL,Long,Line
387,RU2004071,9289.32133400865,282.883061907048,111371.116654726,Rice Research Station,2022,0.938590376125822,Yield.LSU_01.0000138,20,Horizon,MS,CL,Long,Line
388,RU2004071,6348.9898060902,282.161195590248,126298.929479825,Winnsboro,2022,0.941433619615415,Yield.LSU_01.0000138,20,Horizon,MS,CL,Long,Line
389,RU2004071,7832.38203289265,389.836687293992,95996.0120181223,Pine Tree Research Station,2022,0.945153369198133,Yield.LSU_01.0000138,20,Horizon,MS,CL,Long,Line
390,RU2004071,9111.01617783311,429.644659133308,145377.02145672,Mowata,2022,0.715104020014099,Yield.LSU_01.0000138,20,Horizon,MS,CL,Long,Line
391,RU2004071,5982.93922826022,298.4994244774,132178.447738011,Lawrence County,2022,0.949964588523811,Yield.LSU_01.0000138,20,Horizon,MS,CL,Long,Line
392,RU2004071,10306.9473070638,259.209939463648,136541.566111022,Mamou,2022,0.966522782612498,Yield.LSU_01.0000138,20,Horizon,MS,CL,Long,Line
393,RU2004071,10054.2749046758,397.133236407221,142385.726262133,Rice Research Station South,2022,0.80730134913134,Yield.LSU_01.0000138,20,Horizon,MS,CL,Long,Line
394,RU2004071,6796.61441865246,584.568139547503,259727.801121664,UA Northeast Res and Ext Center,2022,0.850884013781188,Yield.LSU_01.0000138,20,Horizon,MS,CL,Long,Line
395,RU2004071,9291.43764050293,300.726532862504,98416.2853334568,Rice Research Station - Late,2022,0.884763580620937,Yield.LSU_01.0000138,20,Horizon,MS,CL,Long,Line
396,RU2004071,7540.06515321375,233.852500415392,64726.7001480176,Wintermann Rice Research Station,2022,0.925426915062098,Yield.LSU_01.0000138,20,Horizon,MS,CL,Long,Line
397,RU2004071,5965.8665915171,579.538334090218,271762.257128382,Desha County,2022,0.822821514472978,Yield.LSU_01.0000138,20,Horizon,MS,CL,Long,Line
398,RU2004071,10223.6880862927,257.888925595884,86911.8865778661,Nutrien Rice Breeding Station,2022,0.908410421581201,Yield.LSU_01.0000138,20,Horizon,MS,CL,Long,Line
399,RU2004071,7281.01006996863,454.763081677907,126759.976067901,UA Rice Res and Ext Center,2022,0.923103163265123,Yield.LSU_01.0000138,20,Horizon,MS,CL,Long,Line
400,RU2004071,6009.94650044585,314.4214487297,165687.815279372,Lake Arthur,2022,0.951796004215466,Yield.LSU_01.0000138,20,Horizon,MS,CL,Long,Line
401,RU2004071,8948.67884645805,217.041788370949,87024.4671939248,Palmetto,2022,0.958092893267402,Yield.LSU_01.0000138,20,Horizon,MS,CL,Long,Line
402,RU2004071,8960.61456107393,297.819341563519,138057.480635265,Bay City,2022,0.936513530130424,Yield.LSU_01.0000138,20,Horizon,MS,CL,Long,Line
403,RU2101177,9799.05655251529,379.535721785369,158980.103678366,St. Joseph,2022,0.937421136112444,Yield.LSU_01.0000138,8,AR,AR,CL,Long,Line
404,RU2101177,8636.79767952511,223.46894738132,62666.834678146,UA Northeast Rice Res & Ext Ctr,2022,0.943728548983391,Yield.LSU_01.0000138,8,AR,AR,CL,Long,Line
405,RU2101177,9036.86622465603,391.19799675704,96519.45024509,Pine Tree Research Station,2022,0.945153369198133,Yield.LSU_01.0000138,8,AR,AR,CL,Long,Line
406,RU2101177,6736.91046640307,482.302848761937,221662.790799221,Desha County,2022,0.822821514472978,Yield.LSU_01.0000138,8,AR,AR,CL,Long,Line
407,RU2101177,9884.67512513673,460.654956362052,134432.233545901,UA Rice Res and Ext Center,2022,0.923103163265123,Yield.LSU_01.0000138,8,AR,AR,CL,Long,Line
408,RU2101177,9570.86605252115,435.013855102408,146339.158630993,Mowata,2022,0.715104020014099,Yield.LSU_01.0000138,8,AR,AR,CL,Long,Line
409,RU2101177,9356.72957772959,206.117944133268,83721.0535072497,Palmetto,2022,0.958092893267402,Yield.LSU_01.0000138,8,AR,AR,CL,Long,Line
410,RU2101177,9050.25201951113,225.646620681385,59642.6209686723,Wintermann Rice Research Station,2022,0.925426915062098,Yield.LSU_01.0000138,8,AR,AR,CL,Long,Line
411,RU2101177,8037.16518075009,251.677094922033,110908.146221006,Lawrence County,2022,0.949964588523811,Yield.LSU_01.0000138,8,AR,AR,CL,Long,Line
412,RU2101177,8298.43772927393,358.265927086779,162752.895629031,Winnsboro,2022,0.941433619615415,Yield.LSU_01.0000138,8,AR,AR,CL,Long,Line
413,RU2101177,10607.3542478615,274.028298919631,108144.546565238,Rice Research Station,2022,0.938590376125822,Yield.LSU_01.0000138,8,AR,AR,CL,Long,Line
414,RU2101177,9489.47509871766,284.886068315272,91039.6191695263,Rice Research Station - Late,2022,0.884763580620937,Yield.LSU_01.0000138,8,AR,AR,CL,Long,Line
415,RU2101177,7271.4013945169,316.671334985845,167071.290409326,Lake Arthur,2022,0.951796004215466,Yield.LSU_01.0000138,8,AR,AR,CL,Long,Line
416,RU2101177,12584.2106507301,315.220046125663,165670.909634693,Mamou,2022,0.966522782612498,Yield.LSU_01.0000138,8,AR,AR,CL,Long,Line
417,RU2101177,11139.3217039646,403.218747403409,146222.214249872,Rice Research Station South,2022,0.80730134913134,Yield.LSU_01.0000138,8,AR,AR,CL,Long,Line
418,RU2101177,9668.04688614465,540.574762679591,229836.570697983,UA Northeast Res and Ext Center,2022,0.850884013781188,Yield.LSU_01.0000138,8,AR,AR,CL,Long,Line
419,RU2101234,9349.50955346037,401.285946457377,97222.013419598,Pine Tree Research Station,2022,0.945153369198133,Yield.LSU_01.0000138,9,AR,AR,CL,Medium,Line
420,RU2101234,9960.69044893597,275.95728412965,109784.483331104,Rice Research Station,2022,0.938590376125822,Yield.LSU_01.0000138,9,AR,AR,CL,Medium,Line
421,RU2101234,9365.69768929389,543.810014793629,194683.271197274,Mowata,2022,0.715104020014099,Yield.LSU_01.0000138,9,AR,AR,CL,Medium,Line
422,RU2101234,7451.7558747695,293.897765906885,133672.281620554,Winnsboro,2022,0.941433619615415,Yield.LSU_01.0000138,9,AR,AR,CL,Medium,Line
423,RU2101234,9280.60916835172,550.931183826546,229552.451259273,UA Northeast Res and Ext Center,2022,0.850884013781188,Yield.LSU_01.0000138,9,AR,AR,CL,Medium,Line
424,RU2101234,8933.42316978474,217.126530890354,60114.8675614853,UA Northeast Rice Res & Ext Ctr,2022,0.943728548983391,Yield.LSU_01.0000138,9,AR,AR,CL,Medium,Line
425,RU2101234,8031.73318619586,289.242884635928,127790.561484128,Lawrence County,2022,0.949964588523811,Yield.LSU_01.0000138,9,AR,AR,CL,Medium,Line
426,RU2101234,9403.18408808135,226.958297554612,59704.1409392817,Wintermann Rice Research Station,2022,0.925426915062098,Yield.LSU_01.0000138,9,AR,AR,CL,Medium,Line
427,RU2101234,7507.46992387742,321.019859898184,168995.710308661,Lake Arthur,2022,0.951796004215466,Yield.LSU_01.0000138,9,AR,AR,CL,Medium,Line
428,RU2101234,11009.1373263376,278.430681600708,94313.672838818,Rice Research Station - Late,2022,0.884763580620937,Yield.LSU_01.0000138,9,AR,AR,CL,Medium,Line
429,RU2101234,8709.62426797953,213.224045122486,86721.0444635625,Palmetto,2022,0.958092893267402,Yield.LSU_01.0000138,9,AR,AR,CL,Medium,Line
430,RU2101234,7165.19333685248,420.716471293791,186821.615544046,Desha County,2022,0.822821514472978,Yield.LSU_01.0000138,9,AR,AR,CL,Medium,Line
431,RU2101234,11259.0782062407,387.799199612188,138466.453187999,Rice Research Station South,2022,0.80730134913134,Yield.LSU_01.0000138,9,AR,AR,CL,Medium,Line
432,RU2101234,9919.59993774939,479.789276608547,135508.896367789,UA Rice Res and Ext Center,2022,0.923103163265123,Yield.LSU_01.0000138,9,AR,AR,CL,Medium,Line
433,RU2101234,8080.07535934512,384.349084725185,163244.231325722,St. Joseph,2022,0.937421136112444,Yield.LSU_01.0000138,9,AR,AR,CL,Medium,Line
434,RU2101234,11226.2044713376,258.916887602779,142570.043839138,Mamou,2022,0.966522782612498,Yield.LSU_01.0000138,9,AR,AR,CL,Medium,Line
435,RU2102037,9817.10047210579,259.949329699423,88086.2394339066,Nutrien Rice Breeding Station,2022,0.908410421581201,Yield.LSU_01.0000138,3,LSU,LSU,CONV,Long,Line
436,RU2102037,7764.19888679276,458.310283638452,160788.94581786,Mowata,2022,0.715104020014099,Yield.LSU_01.0000138,3,LSU,LSU,CONV,Long,Line
437,RU2102037,8698.77988766627,443.108973357413,136133.366613163,UA Rice Res and Ext Center,2022,0.923103163265123,Yield.LSU_01.0000138,3,LSU,LSU,CONV,Long,Line
438,RU2102037,8375.2854183915,217.63137755556,60276.3007517301,UA Northeast Rice Res & Ext Ctr,2022,0.943728548983391,Yield.LSU_01.0000138,3,LSU,LSU,CONV,Long,Line
439,RU2102037,8674.87712091117,221.63635487213,59087.6341931715,Wintermann Rice Research Station,2022,0.925426915062098,Yield.LSU_01.0000138,3,LSU,LSU,CONV,Long,Line
440,RU2102037,8272.66389647984,529.66504365078,228380.540557705,UA Northeast Res and Ext Center,2022,0.850884013781188,Yield.LSU_01.0000138,3,LSU,LSU,CONV,Long,Line
441,RU2102037,8871.97963619713,277.511932869564,89521.5810763978,Rice Research Station - Late,2022,0.884763580620937,Yield.LSU_01.0000138,3,LSU,LSU,CONV,Long,Line
442,RU2102037,7699.71331684115,303.226375814077,135772.771572852,Winnsboro,2022,0.941433619615415,Yield.LSU_01.0000138,3,LSU,LSU,CONV,Long,Line
443,RU2102037,7712.07049879423,409.630597567535,175685.388173718,Desha County,2022,0.822821514472978,Yield.LSU_01.0000138,3,LSU,LSU,CONV,Long,Line
444,RU2102037,10623.9949562033,260.021261584314,137096.410643111,Mamou,2022,0.966522782612498,Yield.LSU_01.0000138,3,LSU,LSU,CONV,Long,Line
445,RU2102037,10599.5666315275,392.307730252602,139654.180528958,Rice Research Station South,2022,0.80730134913134,Yield.LSU_01.0000138,3,LSU,LSU,CONV,Long,Line
446,RU2102037,7951.1481191639,216.107379770815,85724.4246533391,Palmetto,2022,0.958092893267402,Yield.LSU_01.0000138,3,LSU,LSU,CONV,Long,Line
447,RU2102037,9673.84003399324,272.826006096889,108987.855327526,Rice Research Station,2022,0.938590376125822,Yield.LSU_01.0000138,3,LSU,LSU,CONV,Long,Line
448,RU2102037,7243.13826749378,252.80999648561,111277.183824477,Lawrence County,2022,0.949964588523811,Yield.LSU_01.0000138,3,LSU,LSU,CONV,Long,Line
449,RU2102037,6604.8015305981,388.477550395294,163920.756446382,St. Joseph,2022,0.937421136112444,Yield.LSU_01.0000138,3,LSU,LSU,CONV,Long,Line
450,RU2102037,9178.47906807382,391.982108945177,95592.356276991,Pine Tree Research Station,2022,0.945153369198133,Yield.LSU_01.0000138,3,LSU,LSU,CONV,Long,Line
451,RU2102037,7688.9885002074,316.156149152373,166220.462419507,Lake Arthur,2022,0.951796004215466,Yield.LSU_01.0000138,3,LSU,LSU,CONV,Long,Line
452,RU2102037,9167.93569262859,299.340624687905,136293.997253777,Bay City,2022,0.936513530130424,Yield.LSU_01.0000138,3,LSU,LSU,CONV,Long,Line
453,RU2102150,7972.89282291705,213.851110601122,86238.0135097262,Palmetto,2022,0.958092893267402,Yield.LSU_01.0000138,18,Horizon,LSU,CL,Long,Line
454,RU2102150,9092.13486966493,460.534976409323,135499.397459868,UA Rice Res and Ext Center,2022,0.923103163265123,Yield.LSU_01.0000138,18,Horizon,LSU,CL,Long,Line
455,RU2102150,10412.8188425127,400.571200727151,145282.657185618,Rice Research Station South,2022,0.80730134913134,Yield.LSU_01.0000138,18,Horizon,LSU,CL,Long,Line
456,RU2102150,9150.80011780485,425.08027470324,142299.334220693,Mowata,2022,0.715104020014099,Yield.LSU_01.0000138,18,Horizon,LSU,CL,Long,Line
457,RU2102150,7751.65238160376,249.383209216948,109562.346326737,Lawrence County,2022,0.949964588523811,Yield.LSU_01.0000138,18,Horizon,LSU,CL,Long,Line
458,RU2102150,7252.60571832113,294.046548985967,128606.400904356,Winnsboro,2022,0.941433619615415,Yield.LSU_01.0000138,18,Horizon,LSU,CL,Long,Line
459,RU2102150,10441.3437510749,271.565167749164,112684.278271606,Rice Research Station,2022,0.938590376125822,Yield.LSU_01.0000138,18,Horizon,LSU,CL,Long,Line
460,RU2102150,8072.69627812886,535.392024557094,227726.616670692,UA Northeast Res and Ext Center,2022,0.850884013781188,Yield.LSU_01.0000138,18,Horizon,LSU,CL,Long,Line
461,RU2102150,7299.83218504153,318.407050470761,167153.935335688,Lake Arthur,2022,0.951796004215466,Yield.LSU_01.0000138,18,Horizon,LSU,CL,Long,Line
462,RU2102150,7264.87197063232,396.825731555474,168647.532863492,St. Joseph,2022,0.937421136112444,Yield.LSU_01.0000138,18,Horizon,LSU,CL,Long,Line
463,RU2102150,7337.36717175179,412.748323901812,181264.929605995,Desha County,2022,0.822821514472978,Yield.LSU_01.0000138,18,Horizon,LSU,CL,Long,Line
464,RU2102150,10445.8348596982,256.827905932887,86854.510545683,Nutrien Rice Breeding Station,2022,0.908410421581201,Yield.LSU_01.0000138,18,Horizon,LSU,CL,Long,Line
465,RU2102150,10421.7794802863,302.516327965452,137568.143917193,Bay City,2022,0.936513530130424,Yield.LSU_01.0000138,18,Horizon,LSU,CL,Long,Line
466,RU2102150,8695.87197986084,228.175040034637,62239.0121091736,Wintermann Rice Research Station,2022,0.925426915062098,Yield.LSU_01.0000138,18,Horizon,LSU,CL,Long,Line
467,RU2102150,8917.32678688824,376.422214994233,96373.5515862124,Pine Tree Research Station,2022,0.945153369198133,Yield.LSU_01.0000138,18,Horizon,LSU,CL,Long,Line
468,RU2102150,10413.4554305926,256.510690831859,138710.444584535,Mamou,2022,0.966522782612498,Yield.LSU_01.0000138,18,Horizon,LSU,CL,Long,Line
469,RU2102150,9064.14871978598,282.631919327585,90152.8312591057,Rice Research Station - Late,2022,0.884763580620937,Yield.LSU_01.0000138,18,Horizon,LSU,CL,Long,Line
470,RU2102150,7983.49634747359,219.270668822514,60912.6343185063,UA Northeast Rice Res & Ext Ctr,2022,0.943728548983391,Yield.LSU_01.0000138,18,Horizon,LSU,CL,Long,Line
471,RU2102186,7908.31307186344,522.280897962543,231441.184880492,UA Northeast Res and Ext Center,2022,0.850884013781188,Yield.LSU_01.0000138,2,LSU,LSU,PV,Long,Line
472,RU2102186,8785.37513128266,453.874462809571,135528.461489024,UA Rice Res and Ext Center,2022,0.923103163265123,Yield.LSU_01.0000138,2,LSU,LSU,PV,Long,Line
473,RU2102186,7212.46203785254,250.893757966239,110391.178000171,Lawrence County,2022,0.949964588523811,Yield.LSU_01.0000138,2,LSU,LSU,PV,Long,Line
474,RU2102186,7027.91329641461,391.781142784723,169653.381289142,St. Joseph,2022,0.937421136112444,Yield.LSU_01.0000138,2,LSU,LSU,PV,Long,Line
475,RU2102186,8329.86145675991,394.808250023399,96785.3934174345,Pine Tree Research Station,2022,0.945153369198133,Yield.LSU_01.0000138,2,LSU,LSU,PV,Long,Line
476,RU2102186,8477.27464939726,231.912285893116,61431.4953158108,Wintermann Rice Research Station,2022,0.925426915062098,Yield.LSU_01.0000138,2,LSU,LSU,PV,Long,Line
477,RU2102186,7568.31988721787,487.951975074317,220241.210408974,Desha County,2022,0.822821514472978,Yield.LSU_01.0000138,2,LSU,LSU,PV,Long,Line
478,RU2102186,10197.2589333076,401.854662843797,145172.189825358,Rice Research Station South,2022,0.80730134913134,Yield.LSU_01.0000138,2,LSU,LSU,PV,Long,Line
479,RU2102186,10016.1871685408,269.211202062292,100559.086702515,Nutrien Rice Breeding Station,2022,0.908410421581201,Yield.LSU_01.0000138,2,LSU,LSU,PV,Long,Line
480,RU2102186,8157.56663889192,329.777393071826,174631.541755347,Lake Arthur,2022,0.951796004215466,Yield.LSU_01.0000138,2,LSU,LSU,PV,Long,Line
481,RU2102186,10047.7628006498,274.025960856054,108038.917104237,Rice Research Station,2022,0.938590376125822,Yield.LSU_01.0000138,2,LSU,LSU,PV,Long,Line
482,RU2102186,9401.23367955924,288.854454918142,95745.2277510199,Rice Research Station - Late,2022,0.884763580620937,Yield.LSU_01.0000138,2,LSU,LSU,PV,Long,Line
483,RU2102186,7836.58642083748,220.479754477507,61350.2459511398,UA Northeast Rice Res & Ext Ctr,2022,0.943728548983391,Yield.LSU_01.0000138,2,LSU,LSU,PV,Long,Line
484,RU2102186,8063.47423892253,424.30335120577,145080.583973947,Mowata,2022,0.715104020014099,Yield.LSU_01.0000138,2,LSU,LSU,PV,Long,Line
485,RU2102186,7516.13058724728,292.468112805506,134059.363581798,Winnsboro,2022,0.941433619615415,Yield.LSU_01.0000138,2,LSU,LSU,PV,Long,Line
486,RU2102186,10744.0545946594,248.129854128761,135636.59830674,Mamou,2022,0.966522782612498,Yield.LSU_01.0000138,2,LSU,LSU,PV,Long,Line
487,RU2102186,7274.18987390712,213.040388419699,87102.8289916832,Palmetto,2022,0.958092893267402,Yield.LSU_01.0000138,2,LSU,LSU,PV,Long,Line
488,RU2102186,9726.05876963773,303.52255907732,138267.009020639,Bay City,2022,0.936513530130424,Yield.LSU_01.0000138,2,LSU,LSU,PV,Long,Line
489,RU2102217,7648.22305412668,390.93886885567,166298.848844984,St. Joseph,2022,0.937421136112444,Yield.LSU_01.0000138,5,LSU,LSU,CL,Long,Line
490,RU2102217,8279.05901017184,249.670991350632,109739.452397834,Lawrence County,2022,0.949964588523811,Yield.LSU_01.0000138,5,LSU,LSU,CL,Long,Line
491,RU2102217,9526.66547493275,533.887298765358,226445.966829134,UA Northeast Res and Ext Center,2022,0.850884013781188,Yield.LSU_01.0000138,5,LSU,LSU,CL,Long,Line
492,RU2102217,9229.09890833547,440.141938434743,147219.363391369,Mowata,2022,0.715104020014099,Yield.LSU_01.0000138,5,LSU,LSU,CL,Long,Line
493,RU2102217,9136.86141020183,215.512261697248,59574.3706573004,UA Northeast Rice Res & Ext Ctr,2022,0.943728548983391,Yield.LSU_01.0000138,5,LSU,LSU,CL,Long,Line
494,RU2102217,9789.2310195303,385.907631105426,96828.7457304614,Pine Tree Research Station,2022,0.945153369198133,Yield.LSU_01.0000138,5,LSU,LSU,CL,Long,Line
495,RU2102217,8864.40453588487,207.487543413926,84164.7179663202,Palmetto,2022,0.958092893267402,Yield.LSU_01.0000138,5,LSU,LSU,CL,Long,Line
496,RU2102217,11310.9733461155,389.644804883085,137992.125960276,Rice Research Station South,2022,0.80730134913134,Yield.LSU_01.0000138,5,LSU,LSU,CL,Long,Line
497,RU2102217,9575.93257144793,295.929109326931,137502.474502317,Bay City,2022,0.936513530130424,Yield.LSU_01.0000138,5,LSU,LSU,CL,Long,Line
498,RU2102217,10000.9239238198,250.953580756994,87240.6634074388,Nutrien Rice Breeding Station,2022,0.908410421581201,Yield.LSU_01.0000138,5,LSU,LSU,CL,Long,Line
499,RU2102217,8005.70682123649,291.07718551385,130132.590721473,Winnsboro,2022,0.941433619615415,Yield.LSU_01.0000138,5,LSU,LSU,CL,Long,Line
500,RU2102217,10989.0001717319,273.878245690602,107452.02260825,Rice Research Station,2022,0.938590376125822,Yield.LSU_01.0000138,5,LSU,LSU,CL,Long,Line
501,RU2102217,11041.5303851657,255.598262669236,139215.790624022,Mamou,2022,0.966522782612498,Yield.LSU_01.0000138,5,LSU,LSU,CL,Long,Line
502,RU2102217,9141.60507810833,325.082247726356,172474.347924384,Lake Arthur,2022,0.951796004215466,Yield.LSU_01.0000138,5,LSU,LSU,CL,Long,Line
503,RU2102217,8897.46741103772,227.804837142353,60118.6591600582,Wintermann Rice Research Station,2022,0.925426915062098,Yield.LSU_01.0000138,5,LSU,LSU,CL,Long,Line
504,RU2102217,9851.02573278342,463.574269322803,128483.866249182,UA Rice Res and Ext Center,2022,0.923103163265123,Yield.LSU_01.0000138,5,LSU,LSU,CL,Long,Line
505,RU2102217,10437.7419511272,291.104233656428,96212.8445158852,Rice Research Station - Late,2022,0.884763580620937,Yield.LSU_01.0000138,5,LSU,LSU,CL,Long,Line
506,RU2102217,6844.83950077928,492.442783275511,223753.12755161,Desha County,2022,0.822821514472978,Yield.LSU_01.0000138,5,LSU,LSU,CL,Long,Line
507,RU2102222,7507.68388106382,255.095613467297,112466.828784829,Lawrence County,2022,0.949964588523811,Yield.LSU_01.0000138,4,LSU,LSU,CL,Long,Line
508,RU2102222,8206.20050508465,432.05769267509,150582.980951865,Mowata,2022,0.715104020014099,Yield.LSU_01.0000138,4,LSU,LSU,CL,Long,Line
509,RU2102222,7723.57096965462,293.169481801279,130398.491352319,Winnsboro,2022,0.941433619615415,Yield.LSU_01.0000138,4,LSU,LSU,CL,Long,Line
510,RU2102222,8807.96781625257,564.730956108223,250330.653138374,UA Northeast Res and Ext Center,2022,0.850884013781188,Yield.LSU_01.0000138,4,LSU,LSU,CL,Long,Line
511,RU2102222,9248.44946915738,436.693683380029,126952.485295735,UA Rice Res and Ext Center,2022,0.923103163265123,Yield.LSU_01.0000138,4,LSU,LSU,CL,Long,Line
512,RU2102222,10337.9264096818,227.600304135126,60919.5327220402,Wintermann Rice Research Station,2022,0.925426915062098,Yield.LSU_01.0000138,4,LSU,LSU,CL,Long,Line
513,RU2102222,8711.95841745155,222.0890783863,62100.2572915727,UA Northeast Rice Res & Ext Ctr,2022,0.943728548983391,Yield.LSU_01.0000138,4,LSU,LSU,CL,Long,Line
514,RU2102222,10272.291044617,276.452874110866,92215.5710986478,Rice Research Station - Late,2022,0.884763580620937,Yield.LSU_01.0000138,4,LSU,LSU,CL,Long,Line
515,RU2102222,8361.99751949614,377.372571273965,95927.5005422411,Pine Tree Research Station,2022,0.945153369198133,Yield.LSU_01.0000138,4,LSU,LSU,CL,Long,Line
516,RU2102222,7809.36331574722,318.619609625985,168144.640359669,Lake Arthur,2022,0.951796004215466,Yield.LSU_01.0000138,4,LSU,LSU,CL,Long,Line
517,RU2102222,10519.4037891066,252.55727118409,86822.1520201639,Nutrien Rice Breeding Station,2022,0.908410421581201,Yield.LSU_01.0000138,4,LSU,LSU,CL,Long,Line
518,RU2102222,8052.79579705644,392.928274604936,169387.181666391,St. Joseph,2022,0.937421136112444,Yield.LSU_01.0000138,4,LSU,LSU,CL,Long,Line
519,RU2102222,10976.3838973838,295.985970800963,134229.721278633,Bay City,2022,0.936513530130424,Yield.LSU_01.0000138,4,LSU,LSU,CL,Long,Line
520,RU2102222,11340.2535530042,392.292857694769,141263.010694662,Rice Research Station South,2022,0.80730134913134,Yield.LSU_01.0000138,4,LSU,LSU,CL,Long,Line
521,RU2102222,7246.07233819811,476.72525204999,216065.130752604,Desha County,2022,0.822821514472978,Yield.LSU_01.0000138,4,LSU,LSU,CL,Long,Line
522,RU2102222,10242.5577290662,247.884772619681,136799.353157227,Mamou,2022,0.966522782612498,Yield.LSU_01.0000138,4,LSU,LSU,CL,Long,Line
523,RU2102222,9931.31480805625,275.217594678293,108085.81517629,Rice Research Station,2022,0.938590376125822,Yield.LSU_01.0000138,4,LSU,LSU,CL,Long,Line
524,RU2102222,9205.02183814501,209.415080141926,83755.3199873312,Palmetto,2022,0.958092893267402,Yield.LSU_01.0000138,4,LSU,LSU,CL,Long,Line
525,RU2201021,9969.56776195252,282.041264349296,93539.8356377007,Rice Research Station - Late,2022,0.884763580620937,Yield.LSU_01.0000138,19,Horizon,AR,PV,Long,Line
526,RU2201021,8859.47203299828,462.396712562054,126413.225618135,UA Rice Res and Ext Center,2022,0.923103163265123,Yield.LSU_01.0000138,19,Horizon,AR,PV,Long,Line
527,RU2201021,6568.79959299619,394.33689158568,170764.14673319,St. Joseph,2022,0.937421136112444,Yield.LSU_01.0000138,19,Horizon,AR,PV,Long,Line
528,RU2201021,9159.43403174147,386.788354971136,96177.9629476535,Pine Tree Research Station,2022,0.945153369198133,Yield.LSU_01.0000138,19,Horizon,AR,PV,Long,Line
529,RU2201021,7789.4163401109,249.116908400056,109600.872384708,Lawrence County,2022,0.949964588523811,Yield.LSU_01.0000138,19,Horizon,AR,PV,Long,Line
530,RU2201021,10839.063732237,395.734962758306,142392.451220479,Rice Research Station South,2022,0.80730134913134,Yield.LSU_01.0000138,19,Horizon,AR,PV,Long,Line
531,RU2201021,7145.69445250136,214.656741082697,59192.8248817622,UA Northeast Rice Res & Ext Ctr,2022,0.943728548983391,Yield.LSU_01.0000138,19,Horizon,AR,PV,Long,Line
532,RU2201021,8496.1594135808,540.326424224682,229468.796187021,UA Northeast Res and Ext Center,2022,0.850884013781188,Yield.LSU_01.0000138,19,Horizon,AR,PV,Long,Line
533,RU2201021,8776.58176223231,327.455129318593,172354.359944095,Lake Arthur,2022,0.951796004215466,Yield.LSU_01.0000138,19,Horizon,AR,PV,Long,Line
534,RU2201021,8795.98447545321,227.369449182585,61357.851561507,Wintermann Rice Research Station,2022,0.925426915062098,Yield.LSU_01.0000138,19,Horizon,AR,PV,Long,Line
535,RU2201021,5268.89633135793,285.36367037507,126072.237775584,Winnsboro,2022,0.941433619615415,Yield.LSU_01.0000138,19,Horizon,AR,PV,Long,Line
536,RU2201021,8458.05683920851,530.458525957838,189597.248652426,Mowata,2022,0.715104020014099,Yield.LSU_01.0000138,19,Horizon,AR,PV,Long,Line
537,RU2201021,9664.28800934643,272.424329517421,108639.59927459,Rice Research Station,2022,0.938590376125822,Yield.LSU_01.0000138,19,Horizon,AR,PV,Long,Line
538,RU2201021,5645.83712662172,480.651465520683,213303.528221674,Desha County,2022,0.822821514472978,Yield.LSU_01.0000138,19,Horizon,AR,PV,Long,Line
539,RU2201021,11344.8754322986,256.293395194512,137116.311878542,Mamou,2022,0.966522782612498,Yield.LSU_01.0000138,19,Horizon,AR,PV,Long,Line
540,RU2201021,6284.27432182841,211.513364493026,85739.6476585862,Palmetto,2022,0.958092893267402,Yield.LSU_01.0000138,19,Horizon,AR,PV,Long,Line
541,Taurus,6318.59652812616,384.594134682349,206220.103911936,Lake Arthur,2022,0.951796004215466,Yield.LSU_01.0000138,10,AR,AR,CONV,Medium,Line
542,Taurus,7452.85942861315,285.106408999323,129772.403241097,Winnsboro,2022,0.941433619615415,Yield.LSU_01.0000138,10,AR,AR,CONV,Medium,Line
543,Taurus,8980.10001024338,281.098624004908,92857.6076255158,Rice Research Station - Late,2022,0.884763580620937,Yield.LSU_01.0000138,10,AR,AR,CONV,Medium,Line
544,Taurus,8784.155035192,249.783149701308,109976.931330213,Lawrence County,2022,0.949964588523811,Yield.LSU_01.0000138,10,AR,AR,CONV,Medium,Line
545,Taurus,9893.45809321017,475.474712486551,127192.436233981,UA Rice Res and Ext Center,2022,0.923103163265123,Yield.LSU_01.0000138,10,AR,AR,CONV,Medium,Line
546,Taurus,6597.09837827141,393.788919904033,167756.709330517,St. Joseph,2022,0.937421136112444,Yield.LSU_01.0000138,10,AR,AR,CONV,Medium,Line
547,Taurus,8778.66278698837,257.492178695484,76136.1698369008,UA Northeast Rice Res & Ext Ctr,2022,0.943728548983391,Yield.LSU_01.0000138,10,AR,AR,CONV,Medium,Line
548,Taurus,10283.0561825682,301.353120952989,137548.882341556,Bay City,2022,0.936513530130424,Yield.LSU_01.0000138,10,AR,AR,CONV,Medium,Line
549,Taurus,9563.96390120258,278.709797019998,114790.859802891,Rice Research Station,2022,0.938590376125822,Yield.LSU_01.0000138,10,AR,AR,CONV,Medium,Line
550,Taurus,10046.1807422544,253.140976723056,88877.0057289106,Nutrien Rice Breeding Station,2022,0.908410421581201,Yield.LSU_01.0000138,10,AR,AR,CONV,Medium,Line
551,Taurus,9141.79577626534,230.975215442019,61002.4573418939,Wintermann Rice Research Station,2022,0.925426915062098,Yield.LSU_01.0000138,10,AR,AR,CONV,Medium,Line
552,Taurus,7677.6312392582,417.466564805052,180353.565999934,Desha County,2022,0.822821514472978,Yield.LSU_01.0000138,10,AR,AR,CONV,Medium,Line
553,Taurus,9133.26282301377,400.993911211081,98279.6084005826,Pine Tree Research Station,2022,0.945153369198133,Yield.LSU_01.0000138,10,AR,AR,CONV,Medium,Line
554,Taurus,9196.35909837915,428.753435898993,146574.967590044,Mowata,2022,0.715104020014099,Yield.LSU_01.0000138,10,AR,AR,CONV,Medium,Line
555,Taurus,6846.88648550796,280.980933788497,114750.70607092,Palmetto,2022,0.958092893267402,Yield.LSU_01.0000138,10,AR,AR,CONV,Medium,Line
556,Taurus,10808.1159602276,257.776365936632,142556.017834284,Mamou,2022,0.966522782612498,Yield.LSU_01.0000138,10,AR,AR,CONV,Medium,Line
557,Taurus,10303.7029402327,397.586759601425,142954.248482231,Rice Research Station South,2022,0.80730134913134,Yield.LSU_01.0000138,10,AR,AR,CONV,Medium,Line
558,Taurus,9609.14409762355,548.42499926824,229944.802956137,UA Northeast Res and Ext Center,2022,0.850884013781188,Yield.LSU_01.0000138,10,AR,AR,CONV,Medium,Line
559,XP753,9802.9754012025,217.490928451147,60288.3625953958,UA Northeast Rice Res & Ext Ctr,2022,0.943728548983391,Yield.LSU_01.0000138,23,Check,RT,CONV,Long,Hybrid
560,XP753,12806.69380156,190.944586375939,136750.816117297,UA Northeast Rice Res & Ext Ctr,2021,0.973594386669851,Yield.LSU_01.0000138,23,Check,RT,CONV,Long,Hybrid
561,XP753,11488.7207474401,304.988260197774,187961.795109094,Bay City,2021,0.946929917929501,Yield.LSU_01.0000138,23,Check,RT,CONV,Long,Hybrid
562,XP753,10578.2616117395,549.171730673521,232900.395664293,UA Northeast Res and Ext Center,2022,0.850884013781188,Yield.LSU_01.0000138,23,Check,RT,CONV,Long,Hybrid
563,XP753,12050.9958600147,187.037848664848,101147.143487443,Lawrence County,2021,0.954202924715745,Yield.LSU_01.0000138,23,Check,RT,CONV,Long,Hybrid
564,XP753,11250.7480653211,443.042026783934,147703.948519727,Mowata,2022,0.715104020014099,Yield.LSU_01.0000138,23,Check,RT,CONV,Long,Hybrid
565,XP753,13622.6997068048,477.327246866012,290315.576430933,UA Rice Res and Ext Center,2021,0.964106224761339,Yield.LSU_01.0000138,23,Check,RT,CONV,Long,Hybrid
566,XP753,10989.7102585394,231.857066695829,113113.293945056,Wintermann Rice Research Station,2021,0.914465139482436,Yield.LSU_01.0000138,23,Check,RT,CONV,Long,Hybrid
567,XP753,12511.5479679152,399.046392809574,143594.975282058,Rice Research Station South,2022,0.80730134913134,Yield.LSU_01.0000138,23,Check,RT,CONV,Long,Hybrid
568,XP753,11538.3039343737,259.903765062433,87926.1807090568,Nutrien Rice Breeding Station,2022,0.908410421581201,Yield.LSU_01.0000138,23,Check,RT,CONV,Long,Hybrid
569,XP753,9016.1679660611,370.118551358235,195859.038735916,Palmetto,2021,0.84519462219751,Yield.LSU_01.0000138,23,Check,RT,CONV,Long,Hybrid
570,XP753,8467.79846979317,230.730162000956,55903.7468778406,Winnsboro,2021,0.761875531009231,Yield.LSU_01.0000138,23,Check,RT,CONV,Long,Hybrid
571,XP753,9853.45262422441,316.478628105807,166728.464073491,Lake Arthur,2022,0.951796004215466,Yield.LSU_01.0000138,23,Check,RT,CONV,Long,Hybrid
572,XP753,10175.8211102847,208.144763722188,84581.6491501464,Palmetto,2022,0.958092893267402,Yield.LSU_01.0000138,23,Check,RT,CONV,Long,Hybrid
573,XP753,11439.7316456455,303.975054336219,107252.080866062,Lake Arthur,2021,0.773256872388895,Yield.LSU_01.0000138,23,Check,RT,CONV,Long,Hybrid
574,XP753,11996.8926767605,285.051688821552,94066.7568385525,Rice Research Station - Late,2022,0.884763580620937,Yield.LSU_01.0000138,23,Check,RT,CONV,Long,Hybrid
575,XP753,13189.3556375649,279.419485977874,233737.328897579,UA Northeast Res and Ext Center,2021,0.963828719016503,Yield.LSU_01.0000138,23,Check,RT,CONV,Long,Hybrid
576,XP753,8520.70026710295,479.617465730647,212923.987546078,Desha County,2022,0.822821514472978,Yield.LSU_01.0000138,23,Check,RT,CONV,Long,Hybrid
577,XP753,11458.2567592774,486.452017555813,288866.357646717,Rice Research Station South,2021,0.843857778152297,Yield.LSU_01.0000138,23,Check,RT,CONV,Long,Hybrid
578,XP753,11963.9655205619,463.925487229669,134116.467198373,UA Rice Res and Ext Center,2022,0.923103163265123,Yield.LSU_01.0000138,23,Check,RT,CONV,Long,Hybrid
579,XP753,13813.4257298716,155.511374634748,277211.848031334,Mamou,2021,0.977400011032591,Yield.LSU_01.0000138,23,Check,RT,CONV,Long,Hybrid
580,XP753,9309.10032939281,384.044925260418,166254.621358619,St. Joseph,2022,0.937421136112444,Yield.LSU_01.0000138,23,Check,RT,CONV,Long,Hybrid
581,XP753,9916.55416947817,256.133893979378,112643.7195672,Lawrence County,2022,0.949964588523811,Yield.LSU_01.0000138,23,Check,RT,CONV,Long,Hybrid
582,XP753,9220.61904691278,228.149136983885,61659.2057262699,Wintermann Rice Research Station,2022,0.925426915062098,Yield.LSU_01.0000138,23,Check,RT,CONV,Long,Hybrid
583,XP753,12758.0773743256,232.271201027363,205738.387983231,Mowata,2021,0.961140858387354,Yield.LSU_01.0000138,23,Check,RT,CONV,Long,Hybrid
584,XP753,11580.681013009,544.914439260721,148324.289099594,Pine Tree Research Station,2021,0.499611940877758,Yield.LSU_01.0000138,23,Check,RT,CONV,Long,Hybrid
585,XP753,11303.0738406593,304.192432822816,137527.506912498,Bay City,2022,0.936513530130424,Yield.LSU_01.0000138,23,Check,RT,CONV,Long,Hybrid
586,XP753,10789.1936630021,302.18155814811,127811.574217331,St. Joseph,2021,0.918605383320413,Yield.LSU_01.0000138,23,Check,RT,CONV,Long,Hybrid
587,XP753,13462.3879917934,266.399751879828,143146.239291106,Mamou,2022,0.966522782612498,Yield.LSU_01.0000138,23,Check,RT,CONV,Long,Hybrid
588,XP753,10438.3177857307,298.25969043749,179516.412920879,Iowa,2021,0.922042593895625,Yield.LSU_01.0000138,23,Check,RT,CONV,Long,Hybrid
589,XP753,9601.84949356934,299.957102831884,135969.328207317,Winnsboro,2022,0.941433619615415,Yield.LSU_01.0000138,23,Check,RT,CONV,Long,Hybrid
590,XP753,12188.5666655877,277.212128850016,107477.192163038,Rice Research Station,2022,0.938590376125822,Yield.LSU_01.0000138,23,Check,RT,CONV,Long,Hybrid
591,XP753,11166.9457048032,403.279477032061,104416.589026434,Pine Tree Research Station,2022,0.945153369198133,Yield.LSU_01.0000138,23,Check,RT,CONV,Long,Hybrid
592,XP753,10641.4344179381,434.829265905353,158958.895791571,Rice Research Station,2021,0.844974135891633,Yield.LSU_01.0000138,23,Check,RT,CONV,Long,Hybrid
593,XP753,9373.60168837535,293.517345310474,105480.600072527,Desha County,2021,0.813828740059357,Yield.LSU_01.0000138,23,Check,RT,CONV,Long,Hybrid
